30,15,15,1
31,0,-0.1367465443151409
31,1,0.5063000124517144
31,2,-0.4939269390076469
31,3,-0.17410254703904615
31,4,-0.7139428379034669
31,5,-0.7877344166995353
31,6,0.6817181593098247
31,7,-0.931154380305439
31,8,-0.0935762262846445
31,9,0.3623581826011794
31,10,-0.43617791701010133
31,11,0.48024112437037714
31,12,-0.8563508503740834
31,13,0.8487274670685053
31,14,0.8101828729486613
31,15,-0.4287124797278607
31,16,0.7893712886771429
31,17,-0.7593111418741098
31,18,-0.061584684734247205
31,19,-0.08959261140982736
31,20,-0.7046694895101878
31,21,-0.2166551901193986
31,22,0.6606298880612164
31,23,0.9076833371921017
31,24,-0.017115492926739164
31,25,0.04200810716313261
31,26,-0.8829290285922841
31,27,-0.49378728512656356
31,28,0.7545913829668496
31,29,-0.24561084769241104
31,30,0.7428189263457041
32,31,0.7431408626105154
32,32,0.34624261526707856
32,33,0.47756361300702505
32,34,0.5374191063608728
32,35,-0.2504225917769086
32,36,-0.5370556508411759
32,37,-0.4037468134375646
32,38,-0.3668155738309603
32,39,-0.14162902286482035
32,40,0.9343607606326971
32,41,0.7207355846300638
32,42,-0.7293219071460287
32,43,0.5218943837843619
32,44,-0.8519042867430258
32,45,-0.44618429166201756
32,46,-0.32869704004119743
32,47,0.9334888670014426
32,48,-0.6237207236148669
32,49,0.2060238687525669
32,50,0.010256327964227664
32,51,-0.44000183761292255
32,52,0.4110145562636243
32,53,0.43974633179488076
32,54,-0.7224763183697325
32,55,-0.45057224960187975
32,56,0.8356996717111499
32,57,0.976397314627379
32,58,0.4285628286337372
32,59,0.22957053417007797
32,60,0.6004199593689407
32,61,-0.37273905771189964
33,62,0.9366102027914985
33,63,-0.042536468615320004
33,64,-0.44201385948145083
33,65,-0.7465430151830339
33,66,0.18047448753947185
33,67,-0.11950804218616602
33,68,-0.3615382752769798
33,69,-0.6067235930078735
33,70,0.591077787397074
33,71,0.18850676637770783
33,72,-0.7966176794794161
33,73,-0.11543883570682392
33,74,0.6921930119200486
33,75,-0.9587243156436134
33,76,0.9182541886272819
33,77,0.9502753614717411
33,78,0.40162474689079997
33,79,-0.2718559633337596
33,80,0.7238920006623426
33,81,0.12427211079186672
33,82,0.7839864072622218
33,83,-0.4221179754519239
33,84,0.047196403065341175
33,85,0.5352775600790458
33,86,-0.07753453174099059
33,87,-0.4073186768999673
33,88,-0.8486327664361162
33,89,0.48405776769290737
33,90,0.4209169879377727
33,91,-0.8653878745293492
33,92,-0.7783870029128592
34,93,-0.1042814815203726
34,94,0.48259188865427827
34,95,0.8908489058945259
34,96,-0.9278926639230292
34,97,0.2704868673143086
34,98,0.7935534747648417
34,99,-0.9884565332487352
34,100,0.7342468434075082
34,101,0.41525737419639414
34,102,0.6609916720792155
34,103,0.7147055086274271
34,104,0.9867324291024755
34,105,0.19834768866132366
34,106,-0.33784895301455875
34,107,-0.07629000626293311
34,108,0.9806579070122672
34,109,0.5220130598388674
34,110,0.897752054911712
34,111,0.47647808064392727
34,112,-0.5265088081429015
34,113,-0.9955297494502737
34,114,-0.5652116734977847
34,115,-0.5841338536825812
34,116,-0.9600257912852558
34,117,0.3213037664313115
34,118,-0.011208491115664316
34,119,0.5738835992366316
34,120,0.3634626716930662
34,121,-0.628884887326811
34,122,-0.14461918991471465
34,123,0.6178438970663405
35,124,0.37169297048864874
35,125,0.18377130660605545
35,126,0.5637981181222927
35,127,-0.638249853201135
35,128,0.6610028386553799
35,129,0.8827414583047611
35,130,-0.25384930216033497
35,131,-0.6097981887095646
35,132,0.7681391941200636
35,133,0.4136193429633668
35,134,-0.6723704853876108
35,135,-0.43403119060826467
35,136,-0.18605303427413877
35,137,0.7926199970017821
35,138,0.6413339160230002
35,139,-0.005904577938288585
35,140,-0.28355788630621714
35,141,-0.6070231381588471
35,142,-0.008402966671096447
35,143,0.7737117450624847
35,144,0.5193831825154372
35,145,0.7282400017691372
35,146,-0.1814214466860063
35,147,-0.34623957558310975
35,148,-0.2052659392110698
35,149,0.5900079576558657
35,150,-0.1958403431444607
35,151,0.3213083397355266
35,152,0.9807193521742249
35,153,-0.549414765585923
35,154,0.6346823364486178
36,155,-0.8271037049280401
36,156,0.2063966765425932
36,157,0.8597668544112473
36,158,0.8368761001943311
36,159,0.5184477110836413
36,160,0.150889726968639
36,161,0.9928921682834365
36,162,0.4742399854492043
36,163,0.7937699621191735
36,164,-0.4230371031032253
36,165,-0.9272412981211919
36,166,-0.6590249764189172
36,167,0.7554087849595438
36,168,-0.020340653984387374
36,169,0.8610789459513163
36,170,-0.6170543336735135
36,171,-0.2751052750932551
36,172,-0.27489309827580716
36,173,0.9426649877036823
36,174,-0.05859782145627194
36,175,0.25386982826878474
36,176,0.07795506181012127
36,177,0.8490290790697463
36,178,0.6836176363413585
36,179,-0.7343295639361843
36,180,0.21088788435251207
36,181,-0.13665133049584857
36,182,0.7340328669891659
36,183,0.6259310881882896
36,184,-0.5599578290455622
36,185,0.040004766951784676
37,186,-0.5148978498775595
37,187,0.8998856254641528
37,188,0.33076885967053443
37,189,0.4556314687701957
37,190,0.7824789792404687
37,191,0.737506337372022
37,192,-0.5423072982402994
37,193,-0.18887271937393016
37,194,-0.3855957547342601
37,195,0.6999036699194796
37,196,-0.39360023321646775
37,197,0.05551630340667585
37,198,-0.3377845071945707
37,199,0.6672864414584411
37,200,0.18800201421843524
37,201,-0.9406130383311601
37,202,-0.2718366723655761
37,203,0.04604054185542673
37,204,0.2851391288694868
37,205,-0.45071919493506557
37,206,-0.9113788794554861
37,207,-0.2012202630373774
37,208,-0.9217276731360863
37,209,0.7454470599549086
37,210,0.16239145652186188
37,211,-0.9033680905068957
37,212,-0.17987525458088763
37,213,-0.2242442240111364
37,214,-0.6162952157483835
37,215,0.9146370846637241
37,216,0.9731904107190352
38,217,0.8127509221744424
38,218,0.32027229169523413
38,219,0.004755778770959347
38,220,0.01178926101500267
38,221,0.07699928335391039
38,222,-0.04270601397969984
38,223,0.38323829752534594
38,224,-0.4777876459569433
38,225,-0.4155530687178395
38,226,-0.8748299997539958
38,227,-0.5971483316788118
38,228,-0.2985306639394702
38,229,0.04381002804508585
38,230,-0.6242246285328635
38,231,-0.5316718716056109
38,232,0.11194703614415136
38,233,-0.16491044085903142
38,234,-0.7023572577673375
38,235,0.04129503735351787
38,236,0.6689451266148015
38,237,0.15323840345024342
38,238,-0.7154376670823669
38,239,-0.5410454115420342
38,240,-0.7922665776543164
38,241,0.4696173932121252
38,242,-0.9531829255579038
38,243,0.15703059847992404
38,244,0.7155985201294706
38,245,-0.6746011026537133
38,246,0.7952344569307229
38,247,0.8977165908852898
39,248,-0.6304473127310808
39,249,-0.8688562460137755
39,250,0.9574241494196011
39,251,-0.5323588708650991
39,252,0.48378500499770244
39,253,0.036963090933462645
39,254,0.52163238869217
39,255,0.8160106508240527
39,256,-0.5378623849482602
39,257,-0.49134905438729065
39,258,0.580542398894201
39,259,-0.6872571721253984
39,260,-0.9708777839268097
39,261,-0.025198738856689634
39,262,-0.16928066703857353
39,263,0.7600365402360044
39,264,-0.8407857676060483
39,265,-0.03278026484262767
39,266,-0.5572608443230649
39,267,0.9169538906296402
39,268,-0.243145347459898
39,269,0.1683369132383005
39,270,-0.2668919641461904
39,271,0.8087404219334943
39,272,-0.6377876750435338
39,273,-0.05611171116345405
39,274,0.40531160076893125
39,275,0.2566576512002894
39,276,0.7697339362378092
39,277,-0.8176995574908016
39,278,-0.2513200495888237
40,279,-0.44436474684370675
40,280,0.8227130780142281
40,281,-0.14426731237761972
40,282,0.35995998162444204
40,283,0.30109345318858827
40,284,-0.21808551862758618
40,285,0.8553664679045961
40,286,0.17736253896201187
40,287,-0.06075185719037841
40,288,0.11819514487651891
40,289,0.09242229148980217
40,290,-0.07537094522948126
40,291,0.8240847274091384
40,292,-0.43602810706629763
40,293,0.692974049056533
40,294,-0.8224403248991307
40,295,-0.3789241176462056
40,296,-0.27670378075360996
40,297,-0.4351593107681888
40,298,-0.320282147929187
40,299,0.48354722603129985
40,300,0.21944944770275218
40,301,-0.16207784519163432
40,302,-0.8520404569997458
40,303,-0.3565923092166423
40,304,0.6513986497658424
40,305,0.645170741860184
40,306,-0.4737566643882915
40,307,0.964865007273602
40,308,-0.5867411808895161
40,309,-0.6677480552580362
41,310,0.7250132320127438
41,311,0.5258899409098711
41,312,-0.9238891894159244
41,313,-0.06817422816795522
41,314,0.4491984857811561
41,315,-0.5845971902795863
41,316,0.3523189970942527
41,317,-0.6853272310713975
41,318,-0.003893290577527036
41,319,0.42364727670396257
41,320,0.7008143547684468
41,321,0.45263001576320183
41,322,-0.8224915834003387
41,323,0.8178734597559544
41,324,-0.6997621542887816
41,325,-0.42400988672052203
41,326,-0.0994586984301823
41,327,-0.3078952615888384
41,328,-0.7009213778607821
41,329,-0.024089185761587233
41,330,0.8706843873448787
41,331,0.2622257202535301
41,332,-0.8754558535505903
41,333,-0.7168508407436618
41,334,0.860992093070768
41,335,-0.45876456307358865
41,336,-0.19666130010518246
41,337,-0.0050459412642049
41,338,0.9427401382963665
41,339,-0.2575205235864498
41,340,-0.0581288089647749
42,341,-0.4317211790669296
42,342,0.5065994434932224
42,343,0.05071601989935581
42,344,-0.0978272610637797
42,345,-0.9982262145319196
42,346,0.3006725621218027
42,347,-0.16648753713190118
42,348,0.7841324189117932
42,349,0.2307100766147489
42,350,0.30972186138685365
42,351,0.13954643792099317
42,352,-0.8701915214823193
42,353,-0.5314862526239101
42,354,-0.012458486039414261
42,355,-0.5032482505510856
42,356,-0.3481790114904345
42,357,-0.9104479828618091
42,358,0.2031223042944995
42,359,0.06474237801265184
42,360,0.578376090279462
42,361,-0.379912805848151
42,362,0.5343009754170448
42,363,0.9649232119290249
42,364,-0.7743283179205611
42,365,-0.1259963151868226
42,366,-0.1710261685997487
42,367,-0.47682262397844327
42,368,-0.7180845728207599
42,369,0.007900220801674532
42,370,-0.8080944648263625
42,371,-0.740683359692274
43,372,0.41932091782843417
43,373,0.6489689390344018
43,374,0.8076700853648264
43,375,-0.5331718588845016
43,376,-0.9036050491476268
43,377,0.9449961367546135
43,378,0.9696590172496979
43,379,-0.5596924003777304
43,380,0.2992634567117804
43,381,-0.5628352665508769
43,382,-0.7404845536514775
43,383,-0.6621596159991806
43,384,-0.6152137176086017
43,385,0.0187254435745995
43,386,0.21450715747904284
43,387,-0.23521775493219318
43,388,-0.493121850236616
43,389,0.10231307295211843
43,390,0.3226039177779149
43,391,-0.9371011226451622
43,392,0.4099398385428499
43,393,0.7323644174633593
43,394,-0.9737356293234956
43,395,0.5224846634235903
43,396,0.48550214399106023
43,397,0.09853508115049098
43,398,0.7178124379563412
43,399,0.48094293982968134
43,400,-0.3716005327640915
43,401,0.489207115993572
43,402,0.5384441037743066
44,403,-0.8922466397826166
44,404,0.7471263911048165
44,405,0.18534440342657066
44,406,0.01297883895725249
44,407,0.19757095629339927
44,408,0.4284637148190107
44,409,-0.3555184518202031
44,410,0.6568257753988141
44,411,0.2958775099790688
44,412,-0.33990497835581884
44,413,0.7580575646171264
44,414,-0.04283476784100503
44,415,0.18332745293045086
44,416,-0.7208887673600757
44,417,-0.6697626222241375
44,418,0.6957813254768848
44,419,-0.8540739959938822
44,420,-0.2116531661088782
44,421,-0.2112984563591086
44,422,-0.7800689628915206
44,423,0.5263663979417802
44,424,-0.845285280201575
44,425,0.48000484369893753
44,426,-0.08795489710355488
44,427,0.5735836808449902
44,428,0.3166688014907895
44,429,0.09151770095141414
44,430,-0.0011834220656921212
44,431,-0.12316656451871548
44,432,0.4241082766019489
44,433,0.8526394607410392
45,434,-0.6907349028512969
45,435,0.046628546340456205
45,436,0.6216017309525773
45,437,-0.04364334149362061
45,438,-1.0033934352451968
45,439,-0.8182361975308667
45,440,0.29867653479589085
45,441,-0.5730452485568097
45,442,0.5816991682185563
45,443,0.42481963194420286
45,444,0.6182631992791175
45,445,-0.16690428729892054
45,446,0.05023863259094639
45,447,0.9050577119770248
45,448,0.6620025499331761
45,449,0.061618886446259215
45,450,0.7167227215523011
45,451,0.21366917519100379
45,452,0.51194716424681
45,453,-0.10517913920186073
45,454,-0.22373135722063556
45,455,0.47007532459537205
45,456,0.5121934607767207
45,457,0.5559946971036148
45,458,-0.9514585878885878
45,459,-0.44073333225133454
45,460,0.25983076344910955
45,461,0.5509545378713847
45,462,0.9736213111377889
45,463,-0.7505986548895273
45,464,-0.04936475879654201
46,465,0.10918922144165227
46,466,0.8716602213353648
46,467,0.30602237807293514
46,468,0.0915889265601144
46,469,-0.9397394297449174
46,470,-0.7575702903769714
46,471,0.5763538544888788
46,472,-0.29968723988974705
46,473,-0.5344932835482543
46,474,-0.316473159621436
46,475,0.2315791563052663
46,476,0.5677194383850631
46,477,0.4695896611887588
46,478,0.5336785067154021
46,479,-0.4929463696174663
46,480,0.16013401888126588
47,481,-0.04116130833219566
47,482,0.2523741778952781
47,483,-0.08287663078094129
47,484,0.9250181791052656
47,485,-0.8587654072217811
47,486,-0.5610180183449236
47,487,-0.8874849787813391
47,488,0.33969995358350485
47,489,0.9252770690748443
47,490,-0.5954097080930624
47,491,-0.8761088888289921
47,492,0.2860755728344507
47,493,0.5551310624622594
47,494,0.40009919698140506
47,495,0.7314242412935061
47,496,0.7002308287678247
48,497,-0.5495626352684007
48,498,-0.9671119195748455
48,499,0.3003783123639514
48,500,0.07486043055938561
48,501,0.5147788701635455
48,502,-0.6892564652708181
48,503,0.7266656821560475
48,504,0.8201984085151806
48,505,-0.9124258637173412
48,506,0.8959765738624135
48,507,0.45164740394592956
48,508,0.517114666122375
48,509,0.13487331554309454
48,510,0.2053046372500612
48,511,-0.7020667755562978
48,512,0.3021141285970599
49,513,0.7201885270187725
49,514,0.8339262557429574
49,515,0.5351431847623173
49,516,0.44295452915753664
49,517,0.3354682466221376
49,518,-0.26562027098657187
49,519,-0.48011108468227703
49,520,0.953628045855298
49,521,-0.5881006663299395
49,522,-0.6010333341362777
49,523,-0.7787719628824015
49,524,0.31459211655901936
49,525,-0.053838424132952485
49,526,0.11585327389094682
49,527,0.5953653610039328
49,528,0.2925223076994454
50,529,-0.15905378163025302
50,530,-0.8668529007052198
50,531,0.8848971136994453
50,532,0.6005492015620375
50,533,-0.8621199433339723
50,534,0.3228295833700145
50,535,0.2140080509196048
50,536,0.9147037056255459
50,537,-0.26253361366133077
50,538,-0.8794434950395204
50,539,0.9698358912323273
50,540,-0.23056161586323215
50,541,0.9614732251140301
50,542,-0.3289310221436722
50,543,0.8998523223789973
50,544,0.7604985006003167
51,545,-0.5294853407828172
51,546,-0.47059294610383795
51,547,-0.6597812665133733
51,548,0.2629949613280907
51,549,-0.6898344849541335
51,550,0.06795342325481186
51,551,0.32355406779884466
51,552,-0.15394174449085216
51,553,-1.005187135661662
51,554,-0.63573733774077
51,555,0.8732942077278024
51,556,0.9613452383884621
51,557,-0.18523706350289157
51,558,0.17389132499124027
51,559,-0.9324408265132911
51,560,-0.5858587927557555
52,561,0.09380474060368993
52,562,0.5944508110577527
52,563,0.6565961928822687
52,564,-0.28137723455254116
52,565,-0.8458490785422267
52,566,-0.33464236805052794
52,567,-0.7982677265681969
52,568,0.20520066895750252
52,569,0.7807859009700636
52,570,-0.3520150916415017
52,571,0.5323165534195251
52,572,-0.5495447466814742
52,573,0.7915675698740628
52,574,-0.03174503430779219
52,575,0.8092967065545063
52,576,0.6639170361501827
53,577,0.9432599344543786
53,578,0.1574062770049904
53,579,-0.4065077957785289
53,580,0.5459977881193543
53,581,-0.48872778566796105
53,582,0.4947208966995433
53,583,0.8112213581488713
53,584,0.8539322779527296
53,585,0.7947240620478621
53,586,0.7947974335024782
53,587,-0.6525282744544018
53,588,-0.2855247521906934
53,589,-0.9508118932735832
53,590,-0.828205476513444
53,591,0.68401045605458
53,592,-0.06746349072945623
54,593,-0.08876924814921422
54,594,0.9946735085228093
54,595,0.15952324218814057
54,596,-0.7918679656589122
54,597,-0.8708173077347102
54,598,0.35678061281356427
54,599,0.9879974123459846
54,600,-0.15767869049724012
54,601,0.23367842938550357
54,602,-0.07316042222214376
54,603,0.2639261602455841
54,604,-0.23407859316055962
54,605,0.6854332444101555
54,606,-0.9596984073629254
54,607,-0.012694559087337846
54,608,0.19139172156014483
55,609,-0.8693598109262642
55,610,-0.025437024278510127
55,611,0.8901668655759823
55,612,-0.19445675139093632
55,613,0.6183059742996511
55,614,-0.15784418982721007
55,615,0.38327862430014215
55,616,-0.08312108378531761
55,617,-0.9125987224570669
55,618,-0.5848945983321746
55,619,0.1253765765564569
55,620,-0.41964165828543676
55,621,0.14049465527353694
55,622,0.84496143495274
55,623,0.32666097642314745
55,624,-0.2764428781462729
56,625,-0.6222996677511996
56,626,0.3220556521960779
56,627,-0.3609761790658661
56,628,-0.47149288188817
56,629,0.6169309560844778
56,630,-0.907724605317599
56,631,0.30754989166379365
56,632,-0.1775743348826492
56,633,0.7771182942924548
56,634,-0.552844476816037
56,635,0.11586867910796819
56,636,0.6507648518630825
56,637,0.2958505064279426
56,638,-0.4082453574160229
56,639,0.533326398364498
56,640,0.11335229746495723
57,641,0.1874110947640741
57,642,-0.6125369570453728
57,643,0.6050604924564974
57,644,-0.7137644653044942
57,645,0.7995773589526456
57,646,-0.712601952739008
57,647,-0.1171515854495037
57,648,0.2106242183546129
57,649,-0.9944763556798072
57,650,0.5636424877443069
57,651,0.847055263526289
57,652,-0.805414796491785
57,653,-0.10324145560213811
57,654,-0.9777505720256373
57,655,-0.4596531967247661
57,656,-0.5375324775338659
58,657,-1.0012961315067759
58,658,-0.07865973568555938
58,659,-0.5382257497100974
58,660,-0.5769198182765665
58,661,-0.49313222853394106
58,662,0.9911695743074291
58,663,0.14994285873745114
58,664,-0.5876446038422511
58,665,0.36891966036823204
58,666,0.3029700853336478
58,667,-0.06661689907130769
58,668,0.9802493981666994
58,669,-0.12149850842966908
58,670,-0.49195214359382594
58,671,-0.9541818585965025
58,672,-0.16734809426417474
59,673,-0.3063925817758066
59,674,0.16705153488248314
59,675,-0.387785344920651
59,676,-0.10494063908226553
59,677,-0.6681420072528433
59,678,0.3752295754713307
59,679,-0.33521827868524745
59,680,-0.19074509334085912
59,681,0.3535799146204757
59,682,-0.9850096887606316
59,683,-0.40453003943479626
59,684,-0.7654426434068599
59,685,0.6905474380495092
59,686,-0.7043249850595017
59,687,-0.8201463109608369
59,688,-0.08503647217317511
60,689,0.32210159107712055
60,690,-0.015498640833033334
60,691,-0.7555244822038525
60,692,0.056569822011853524
60,693,-0.006804264647388192
60,694,0.920562290323452
60,695,0.9179678459412753
60,696,0.04586126223429742
60,697,-0.40025558406479667
60,698,0.32483145391418483
60,699,-0.8810586674516646
60,700,0.37091440558264777
60,701,0.7916663577205129
60,702,0.6527693078592296
60,703,0.657253737198711
60,704,-0.07441725615382988
91,705,0.2644143966629642
91,706,0.2232980093530969
91,707,0.13995073872815889
91,708,-0.16512350413500268
91,709,-0.5688383914528835
91,710,-0.39975101095949583
91,711,0.8247870436250542
91,712,0.8507086663549602
91,713,-0.11769376671658097
91,714,-0.869707611485023
91,715,0.037296039434704845
91,716,-0.19689507297779357
91,717,0.28323679146694364
91,718,-0.24026730471702393
91,719,0.3049115538008976
91,720,0.11001681687414802
91,721,-0.24125055926088787
91,722,-0.11884609195426767
91,723,-0.499500966405624
91,724,0.38587760408460653
91,725,-0.3434786034333057
91,726,0.5986877108076369
91,727,0.3689064775959097
91,728,-0.07706906025984174
91,729,-0.6055565909609507
91,730,0.18001569087897124
91,731,0.22129974390910376
91,732,-0.918722768569463
91,733,0.13359487837108802
91,734,1.2602044097627962
91,735,0.1757413933272969
91,736,-1.0195435786471267
91,737,0.8788075714430805
91,738,-0.12691810874744186
91,739,0.6475070991745573
91,740,0.9127854857585992
91,741,-0.23344734179418103
91,742,-0.34796736262048766
91,743,-0.3831792777407071
91,744,-0.4915914483951699
91,745,-0.5608530861090033
91,746,0.8173003562027391
91,747,0.5198236777047581
91,748,-0.8673710802686291
91,749,0.2898930497786496
91,750,0.5722877054585629
92,751,-0.9635112668882945
92,752,0.3873325212571519
92,753,0.9581415665223941
92,754,0.5600813689092428
92,755,0.8510958286858836
92,756,0.6295609601728266
92,757,0.709548499945628
92,758,-0.06277428247638997
92,759,0.7586029608914739
92,760,-0.607914689320636
92,761,0.44528185543496057
92,762,0.663520755737477
92,763,-0.35587438751770595
92,764,0.5909810634859702
92,765,-0.7051550213108303
92,766,-0.8716509760196829
92,767,-0.0016770540368863448
92,768,-0.6515024913330415
92,769,0.025580930292435303
92,770,0.021963566564852627
92,771,-0.9997705154007208
92,772,0.5025783844685007
92,773,0.4088879632254714
92,774,0.19812687290406328
92,775,0.7424192112827949
92,776,-0.8504932246964589
92,777,0.6745210974944177
92,778,-0.8519501968713339
92,779,-0.8506925644321461
92,780,0.7418224582927845
92,781,-0.12445934780167166
92,782,-0.05889399496389585
92,783,0.8851931817673226
92,784,-0.4278240903646967
92,785,-0.6856585431377638
92,786,0.51628507068552
92,787,-0.7194583249346037
92,788,-0.18366370512659783
92,789,-0.4287937432540717
92,790,0.6758377041757864
92,791,-0.3988536091700713
92,792,0.8358501328728479
92,793,0.013646546149492508
92,794,0.3906990272782438
92,795,-0.3297473946532672
92,796,-0.3060698067074048
93,797,-0.8222144519657002
93,798,-0.9046056458783176
93,799,-0.4280020449532012
93,800,-0.9522948765843556
93,801,-0.8393739540466951
93,802,-0.03932851472766547
93,803,-0.4338155739476461
93,804,-0.6658982651079159
93,805,0.20460696109657345
93,806,-0.2955606592685835
93,807,-0.0791687108920025
93,808,0.7480077078234513
93,809,-0.48730740428815783
93,810,-0.9742370342007477
93,811,-0.21193101225015587
93,812,0.2865078593728949
93,813,0.6139383807444254
93,814,-0.5035648113226459
93,815,-0.9054059862652833
93,816,0.24144397697549133
93,817,-0.7308374576414166
93,818,0.6061992961676446
93,819,-0.3099098204603866
93,820,0.8756360256497614
93,821,-0.6080896404349443
93,822,-0.4502873286495277
93,823,0.8557096016315942
93,824,-0.011039892419984685
93,825,0.07315207846443658
93,826,0.42712038840958605
93,827,0.2855708821256368
93,828,0.8935176938887833
93,829,-0.2504113271999872
93,830,-0.8877444088157176
93,831,-0.29181295231257476
93,832,-0.7460386068108451
93,833,-0.8006096717998789
93,834,0.9672280949448415
93,835,-0.4692708364714206
93,836,0.10288964737266192
93,837,0.7109095246698263
93,838,0.23729392979709293
93,839,-0.8734072790506058
93,840,0.22890374467313415
93,841,-0.791629636186013
93,842,0.09090059517051863
94,843,0.03581685331241309
94,844,-0.8683043786633715
94,845,-0.42595611123353
94,846,0.35258034132965227
94,847,0.7744528538744019
94,848,-0.9591925584728698
94,849,0.6646358001446554
94,850,0.4432541600451653
94,851,-0.9430106549289357
94,852,0.05975364221758103
94,853,0.731708820460613
94,854,0.29282925759173223
94,855,-0.4462356039854886
94,856,0.4924447729563272
94,857,0.7002639544362151
94,858,0.6190676329069302
94,859,0.4079169505255094
94,860,-0.22240189110612477
94,861,-0.0629481757772027
94,862,0.011500321956145074
94,863,-0.37889539713176235
94,864,0.8831265938577665
94,865,-0.23448217037050637
94,866,-0.37722481043391226
94,867,-0.9845135712865676
94,868,0.6212705826621834
94,869,0.6062662832104436
94,870,0.7050785337128973
94,871,-0.7996868539109547
94,872,0.4125117296954385
94,873,0.3991108298901449
94,874,0.41641181532641697
94,875,0.9883960454521651
94,876,0.5359300988631983
94,877,0.38624468183158
94,878,0.3686648356554613
94,879,0.26388375838830225
94,880,0.9572900503078535
94,881,-0.4442703062810372
94,882,0.9792468148482146
94,883,0.6763802179330833
94,884,-0.10561516679115734
94,885,-0.6464593661886338
94,886,0.6328074662575197
94,887,-0.010767506497846854
94,888,-0.7649554353518802
95,889,0.9432983964668881
95,890,-0.1863452131050218
95,891,0.7408423494287555
95,892,0.5271860897704418
95,893,-0.7473067673660047
95,894,0.8186815103305478
95,895,-0.9305125647123719
95,896,0.718508474967388
95,897,0.2946713724720156
95,898,-0.6097842492067777
95,899,-0.25843836755005417
95,900,-0.998362543988023
95,901,0.016208088752378915
95,902,0.09614513668190902
95,903,0.699219158364569
95,904,0.9422759831190123
95,905,0.695303638465741
95,906,-0.8165072300516885
95,907,-0.02491443677482838
95,908,0.5691964812494766
95,909,0.06763484427162049
95,910,0.7707467961176101
95,911,0.40257435024825367
95,912,0.41803887933883566
95,913,0.18565226552336267
95,914,-0.8486896964291225
95,915,-0.5065921875840814
95,916,-0.9368364129210541
95,917,-0.42602299497065
95,918,0.3958406491245086
95,919,-0.538552014609884
95,920,-0.7100007425570233
95,921,-0.38579824447464134
95,922,0.10404240006636059
95,923,-0.16186031156743358
95,924,0.09091145282418056
95,925,0.24268438500013295
95,926,0.9627194503717185
95,927,-0.8824523973839069
95,928,0.47795352477951275
95,929,-0.2833185636470935
95,930,0.6830416667930546
95,931,0.1101304765025595
95,932,-0.5758272716961984
95,933,-0.3537364556443245
95,934,-0.4386067329883192
96,935,-0.5803493567384512
96,936,0.846119391058913
96,937,-0.9195191741068174
96,938,0.6993371682102466
96,939,0.5183007476249588
96,940,-0.3291583367749738
96,941,-1.0456859415001278
96,942,-0.02275415372902791
96,943,0.8587611476738806
96,944,-0.18578956537470184
96,945,0.26347550032185085
96,946,-0.4613352602780657
96,947,0.8256697233074204
96,948,-0.21109710088780026
96,949,0.8588528457956521
96,950,-0.9363144279665574
96,951,-0.7720279375605913
96,952,-0.06374322304981424
96,953,-1.0118634838345848
96,954,-0.010378726212219412
96,955,-0.7775903791564641
96,956,0.7695814216780126
96,957,-0.5063498912484565
96,958,-0.738383885179231
96,959,-0.3830520410933766
96,960,0.327206406825632
96,961,0.7639678589543374
96,962,-0.4709517732069737
96,963,0.8988233011099049
96,964,0.4549425959779601
96,965,0.3869559419398289
96,966,0.664954042305285
96,967,0.504929004618157
96,968,-0.19662035519145168
96,969,0.7643777558258338
96,970,0.5832379975313599
96,971,0.5955082433816601
96,972,0.5247402065637135
96,973,0.8106427940794497
96,974,-0.45755529090475466
96,975,0.6885332902361139
96,976,0.13503205018549372
96,977,0.3736334656441256
96,978,0.046164772066331926
96,979,-0.9630065762920867
96,980,-0.7648440079164074
97,981,0.4834689891785619
97,982,-0.7132399790891899
97,983,-0.22124215845847434
97,984,-0.8470854850317036
97,985,-0.8647285745136111
97,986,-0.12710322205319835
97,987,0.9785897052680379
97,988,-0.3033293010704929
97,989,-0.9060665554286966
97,990,-0.7745131946548526
97,991,0.9687116030715589
97,992,0.856605645883613
97,993,0.8137798198573998
97,994,0.857217629053896
97,995,-0.536671240978516
97,996,-0.39780694317971743
97,997,-0.8888300361087321
97,998,0.5829063335887831
97,999,0.41801736462186795
97,1000,-0.44596946034852847
97,1001,0.5561929179494887
97,1002,0.3449061878699266
97,1003,-0.7078344725150535
97,1004,0.3032002235040477
97,1005,-0.6776281888583576
97,1006,0.7416672920800317
97,1007,-0.8432544045684499
97,1008,0.09434739317496578
97,1009,-0.20932472561949209
97,1010,0.3762044559909024
97,1011,-0.9732002913295638
97,1012,-0.6304934315038944
97,1013,0.8357479778031607
97,1014,1.008843143642799
97,1015,0.1716810400907538
97,1016,0.02080714893129291
97,1017,0.12219849707258755
97,1018,-0.06942290054534667
97,1019,-0.3787488321979676
97,1020,-0.016421719224543416
97,1021,0.30447759014222797
97,1022,0.6531399204630323
97,1023,0.4088674386375973
97,1024,-0.6101614511545216
97,1025,0.8159520346686715
97,1026,-0.22936713220166993
98,1027,0.30332146305858
98,1028,-0.7422414370340459
98,1029,-0.34020947181783456
98,1030,-0.6100661731833213
98,1031,0.5570172849913175
98,1032,0.12528550428227966
98,1033,0.7534086987308642
98,1034,-0.9493366162189456
98,1035,0.25967684926779344
98,1036,-0.17946974575107486
98,1037,-0.42876834976944644
98,1038,-0.3905493732274188
98,1039,-0.3877212813173623
98,1040,-0.08763231702723227
98,1041,-0.9303722134441725
98,1042,0.4921197318126543
98,1043,0.09907753439589519
98,1044,-0.10516439614103772
98,1045,-0.8308662206302133
98,1046,0.27522011235102634
98,1047,0.6287238702751069
98,1048,0.5379724577840268
98,1049,-0.5641066277221357
98,1050,0.7471977789564027
98,1051,0.6888286581897818
98,1052,-0.6903171389974401
98,1053,0.28281215953135413
98,1054,0.27090847758169606
98,1055,0.9354301166388111
98,1056,-0.8498513725092063
98,1057,-0.687557515324571
98,1058,0.05068602241408785
98,1059,0.08672323301103647
98,1060,-0.3201405458199767
98,1061,-0.5035791669923887
98,1062,-0.05896137257066339
98,1063,0.21648262150372027
98,1064,0.3632953958127866
98,1065,-0.5446361281258502
98,1066,0.6892325594193878
98,1067,-0.7483180011913555
98,1068,0.7503958584369247
98,1069,-0.5075700315805496
98,1070,0.6326489181160202
98,1071,-0.41531195851695335
98,1072,-0.30786743608504374
99,1073,-0.609303396048799
99,1074,-0.9122367971475018
99,1075,0.45538376288718774
99,1076,0.9783664349189918
99,1077,0.10236996750019423
99,1078,0.5100054513732994
99,1079,-0.8419803464879736
99,1080,-0.7295924130086933
99,1081,-0.43678809936689106
99,1082,0.35057208265545503
99,1083,-0.06745877530880715
99,1084,0.4486100138431061
99,1085,0.8362892608932168
99,1086,0.22748537084199358
99,1087,0.4957106323422136
99,1088,0.8252678884211365
99,1089,0.6593220790782565
99,1090,0.5324579081842623
99,1091,-0.3309144163853574
99,1092,-0.3118263829376956
99,1093,-0.5745811691800778
99,1094,0.5560770663167433
99,1095,0.6999361023667185
99,1096,-0.9800388017960779
99,1097,-0.5059071397470283
99,1098,0.5395012404555788
99,1099,0.64061756731335
99,1100,-0.3480053768978958
99,1101,0.1781618716500389
99,1102,0.7696599951360672
99,1103,-0.9081275133568097
99,1104,0.09744704640493747
99,1105,-0.45840755533729777
99,1106,0.2977899803142104
99,1107,-0.045491813719875415
99,1108,0.9215813904241983
99,1109,0.26341128570589517
99,1110,0.11286405885423448
99,1111,0.6631684298484426
99,1112,-0.2567083153597678
99,1113,0.13245322468810428
99,1114,-0.3043826657668128
99,1115,0.6218804712304133
99,1116,0.43528539921833836
99,1117,0.12658769311391466
99,1118,-0.11601357394519018
100,1119,0.20867152443567755
100,1120,0.23027855512156165
100,1121,-0.2561630116484558
100,1122,0.5270667482580409
100,1123,-0.03258279073768356
100,1124,-0.3371349338545329
100,1125,-0.20580293967742277
100,1126,-0.24055854428422102
100,1127,0.05484675917206088
100,1128,0.6830295041544424
100,1129,-0.10922731240844988
100,1130,0.2377086710359095
100,1131,0.2740043209120353
100,1132,0.6013364566748494
100,1133,0.7124495881711375
100,1134,-0.04373792118392754
100,1135,0.07731243364405098
100,1136,-0.6347291731006326
100,1137,0.13772651408384617
100,1138,0.6804056462587766
100,1139,-0.31047450852197317
100,1140,0.2361137809440081
100,1141,-0.28371893874311827
100,1142,0.5648584827610346
100,1143,0.7221662362434341
100,1144,-0.7710943619427368
100,1145,0.3610941239825897
100,1146,0.5831355118500697
100,1147,-0.3970453371172374
100,1148,0.2671951373834792
100,1149,0.11025834577663063
100,1150,-0.8089757247990003
100,1151,0.22806745208513834
100,1152,-0.9445918913117846
100,1153,-0.8558971654018319
100,1154,-0.8578045506793274
100,1155,0.654572008490045
100,1156,0.4273548429465161
100,1157,0.841331598638455
100,1158,-0.15892531255660258
100,1159,-0.39997209103508974
100,1160,-0.6350084485336632
100,1161,-0.46612037671613354
100,1162,0.5503194009130832
100,1163,0.3107956174340099
100,1164,-0.4660688625481959
101,1165,0.9320604254159965
101,1166,0.2718033413883158
101,1167,-0.18926250093262537
101,1168,-0.7121188257958642
101,1169,0.23320302759020142
101,1170,0.09326509913935982
101,1171,-0.21026642216828406
101,1172,0.09837757239646264
101,1173,-0.29391227650000035
101,1174,-0.5612303579863284
101,1175,-0.07651021612274068
101,1176,0.2958284777100375
101,1177,0.4273891389267204
101,1178,0.37631761823570625
101,1179,0.05462875532247441
101,1180,-0.9381431491329616
101,1181,-0.437342930338073
101,1182,-0.8203752776474209
101,1183,0.8417376118865819
101,1184,-0.29194592807229475
101,1185,0.9160679702936437
101,1186,-0.3887026452829688
101,1187,-0.6728681969277822
101,1188,-0.7774628045912976
101,1189,-0.23983279324732315
101,1190,0.7274385888453975
101,1191,-0.31305460555807474
101,1192,-0.5123202567965729
101,1193,-0.3203442704666323
101,1194,-0.6978504188646466
101,1195,-0.6330454647598095
101,1196,0.2562523920586329
101,1197,-0.7171366423476226
101,1198,-0.5131867037513114
101,1199,1.0465737029368225
101,1200,-0.6289910427805416
101,1201,0.17409290079485643
101,1202,0.8399103925158637
101,1203,-0.23263316783239146
101,1204,-0.5041153970243963
101,1205,0.8452125206425015
101,1206,-0.7622937495055399
101,1207,0.29262951968066825
101,1208,0.4331653343114915
101,1209,0.9125212263554733
101,1210,0.656872577839402
102,1211,0.04825179156628108
102,1212,0.4887430471919182
102,1213,0.4750123914018987
102,1214,0.7120443262080078
102,1215,-0.25267390102373494
102,1216,0.8626595199648315
102,1217,0.9559452933753592
102,1218,-0.17869021427748205
102,1219,-0.9616589352274069
102,1220,-0.10636026581475845
102,1221,0.3772616478136284
102,1222,0.3711554519076614
102,1223,-0.7411298212209754
102,1224,0.48131702451016917
102,1225,0.5323330226334895
102,1226,0.2027295178758627
102,1227,0.6128034899187172
102,1228,-0.1628673707811945
102,1229,-0.7187809724293548
102,1230,0.8491419002269959
102,1231,0.2508433223497245
102,1232,-0.586782099857076
102,1233,0.7465614627083519
102,1234,-0.48557566682728504
102,1235,-0.6487000001202627
102,1236,0.3681826420965957
102,1237,-0.021208637261077287
102,1238,-0.9297701418513508
102,1239,0.6243857370889015
102,1240,0.4891373805422997
102,1241,0.7321478953923298
102,1242,-0.8377958387713722
102,1243,0.7221541170001036
102,1244,0.4225452411491288
102,1245,-0.17206474575700123
102,1246,0.05459306389140256
102,1247,-0.08233529237057374
102,1248,-0.5365747006150818
102,1249,-0.41724672485344844
102,1250,-0.4238569932326775
102,1251,0.8929760831154315
102,1252,0.050755190622992996
102,1253,-0.7751888285312394
102,1254,0.05005542252367635
102,1255,-0.8601539068636268
102,1256,-0.5365147992637858
103,1257,-0.6427872360773718
103,1258,0.4430517354766182
103,1259,0.8704405551630795
103,1260,-0.28838487447052374
103,1261,0.005624596637150949
103,1262,0.4323752833667826
103,1263,-0.5591536251147783
103,1264,-0.9670611969779879
103,1265,0.15057403044143866
103,1266,0.0659653734166454
103,1267,0.288819118486093
103,1268,0.5019765605378129
103,1269,-0.009244753379800498
103,1270,-0.4202190612714716
103,1271,0.6334083653214986
103,1272,-0.5478241224810914
103,1273,0.40933234935854085
103,1274,-0.47954568663318103
103,1275,-0.3933972260821145
103,1276,0.28465277575747755
103,1277,-0.5283214685754729
103,1278,0.32239773425365265
103,1279,-0.006204558061651341
103,1280,-0.8594658160297228
103,1281,0.8648985590339973
103,1282,0.17262821096523295
103,1283,0.06853195194005457
103,1284,-0.1563485053889061
103,1285,-0.1324883311807449
103,1286,-0.6425307443488572
103,1287,0.19456472125299476
103,1288,-0.0058199451512764835
103,1289,-0.5235342076601867
103,1290,0.9395384768368154
103,1291,-0.6550849870486137
103,1292,-0.18255831409856893
103,1293,-0.9316190903947823
103,1294,-0.6753279146850623
103,1295,-0.8803897513747669
103,1296,-0.8957913357541653
103,1297,-0.5391059882382929
103,1298,-0.2431752172839501
103,1299,-0.17071771499186442
103,1300,-0.8318500258481457
103,1301,0.6526479546783908
103,1302,0.523139020830889
104,1303,0.3334717537942885
104,1304,0.15782186594860145
104,1305,0.5234124952578459
104,1306,-0.19418898891664305
104,1307,-0.313780794821247
104,1308,-0.9107405403872794
104,1309,0.3376643283344766
104,1310,0.1256067291654793
104,1311,0.8903154364100945
104,1312,-0.9163765246761973
104,1313,0.2814182593374206
104,1314,0.373894672098352
104,1315,-0.6460571444409409
104,1316,0.05552254047739663
104,1317,0.19460477702643353
104,1318,0.25204537758534545
104,1319,0.9428450938806714
104,1320,-0.3758931340079398
104,1321,-0.9557091711058159
104,1322,-0.24053003169687082
104,1323,-0.1548523402600196
104,1324,0.48807339044769327
104,1325,0.5639146360135067
104,1326,-0.33631975455066654
104,1327,0.5326168971568103
104,1328,0.13623809130268016
104,1329,0.08949642382417111
104,1330,-0.9446960855121592
104,1331,-0.8598057515774636
104,1332,0.5294289688429739
104,1333,-0.33268997679379136
104,1334,0.7174142706326405
104,1335,-0.6874825947138233
104,1336,0.5904236796014369
104,1337,-0.39897260842402643
104,1338,-0.4135073392245521
104,1339,0.19003649472333806
104,1340,0.44144115693071523
104,1341,-0.3026701227755896
104,1342,0.23079514511649357
104,1343,-0.5869512853110957
104,1344,-0.22472513221548654
104,1345,-0.8621670752582038
104,1346,-0.6517765347935647
104,1347,0.7448411091444258
104,1348,0.31991385350392076
105,1349,-0.09728432947969187
105,1350,-0.152781423034039
105,1351,-0.1926548821592673
105,1352,0.5722517726165002
105,1353,-0.028020971312886833
105,1354,0.3483624454068754
105,1355,0.868814738226545
105,1356,0.2684238647330302
105,1357,-0.8689558965132352
105,1358,0.5861365488262835
105,1359,0.39212245489438063
105,1360,0.9330869894387477
105,1361,-0.7480503932214553
105,1362,-0.5532543989282723
105,1363,0.5349901414158682
105,1364,-0.43874570863794055
105,1365,-0.7742035231740705
105,1366,-0.4171685223709358
105,1367,-0.09788397135647763
105,1368,0.5821238101667833
105,1369,0.1355397044723092
105,1370,-0.6448944118342365
105,1371,0.030405007703152034
105,1372,-0.5747858741794994
105,1373,0.2499190305117631
105,1374,0.813635685254002
105,1375,-0.11919372921494
105,1376,0.713549653895857
105,1377,-0.9355987674852004
105,1378,-0.6194105458336125
105,1379,-0.48567814886184973
105,1380,-0.0719732379405948
105,1381,0.45785402183623203
105,1382,0.9673810274368285
105,1383,-0.531254027848082
105,1384,-0.4264048095687817
105,1385,-0.785326256229406
105,1386,0.34594981290396526
105,1387,0.4318068084152994
105,1388,0.3572853207887866
105,1389,0.704083318087817
105,1390,0.9194502283395023
105,1391,-0.17122150222984708
105,1392,-0.044247223038305736
105,1393,-0.005172256004863862
105,1394,-0.1856459987301955
106,1395,0.38609475084097583
106,1396,-0.18286595890998553
106,1397,-0.10260546180290113
106,1398,-0.8886194099264627
106,1399,-0.7250363995539542
106,1400,-0.859610015809339
106,1401,0.22492356362319835
106,1402,-0.1382072231761068
106,1403,-0.22157487205662904
106,1404,0.9454323087097043
106,1405,-0.5171429044449204
106,1406,-0.8119578659528559
106,1407,0.0719366540914561
106,1408,-0.7745312128954434
106,1409,0.05339072038699976
106,1410,-0.2718124056352338
107,1411,0.818454228533823
107,1412,-0.7489428797588102
107,1413,0.9413974629993982
107,1414,-0.5607325662818048
107,1415,0.6658823205633494
107,1416,-0.9724748050027971
107,1417,0.3371047730449264
107,1418,0.7787420259555129
107,1419,-0.905421924987148
107,1420,0.4780569225765896
107,1421,0.5151458272226492
107,1422,-0.7900335929902831
107,1423,0.41734202974774065
107,1424,0.3380047613839286
107,1425,-0.9130303667129089
107,1426,-0.8171083329166688
108,1427,0.4551605751695395
108,1428,-0.7744753783262572
108,1429,0.03918107631387748
108,1430,-0.6547143562602653
108,1431,-0.32813093980834274
108,1432,-0.4695471238386809
108,1433,-0.9629932308905326
108,1434,-0.7473660999151673
108,1435,-0.012997189792628067
108,1436,-0.7995619714518699
108,1437,0.4603561129683399
108,1438,-0.868672066445162
108,1439,-0.7645797545216263
108,1440,0.8764399504513819
108,1441,-0.694788058249464
108,1442,-0.27825521821630916
109,1443,-0.15494462146620877
109,1444,0.26544965365340895
109,1445,-0.6587341374262651
109,1446,-0.028664804661307226
109,1447,0.01674033214171436
109,1448,-0.46084889750363867
109,1449,-0.27990274348779065
109,1450,0.07881414106930981
109,1451,0.05437984322928248
109,1452,-0.6909892265734643
109,1453,-0.495923706388785
109,1454,-0.2148394386549697
109,1455,-0.10772383809116919
109,1456,-0.6698337938252047
109,1457,0.27924360761320133
109,1458,0.15079579821084477
110,1459,0.6282459663911673
110,1460,0.15608687923061879
110,1461,0.012668851844827248
110,1462,0.31512665666426104
110,1463,-0.499027921140695
110,1464,1.0906905879765476
110,1465,0.4788268045536506
110,1466,-0.10698993720301261
110,1467,-0.6024220214046433
110,1468,0.615693716504272
110,1469,0.7693839677608904
110,1470,-0.263969908964749
110,1471,-0.3897210089936847
110,1472,0.12275924739762926
110,1473,0.2061499594843254
110,1474,-0.3212817825619414
111,1475,0.1595667469215821
111,1476,-0.9562867798315483
111,1477,0.10946500775113133
111,1478,-0.4613078356654639
111,1479,0.9823368793046371
111,1480,0.9685794677201649
111,1481,0.6383261017631489
111,1482,0.5277249629370692
111,1483,0.6602121279169235
111,1484,-0.9099520819193073
111,1485,0.40627260856742975
111,1486,0.9976579871887489
111,1487,-0.19878239478841908
111,1488,-0.14198359440461314
111,1489,0.8939398773722024
111,1490,-0.8280018852210136
112,1491,-1.016275733126407
112,1492,-0.8164732163663372
112,1493,0.9795113963065889
112,1494,0.9541772813982184
112,1495,-0.27558693678247026
112,1496,-0.06120355010009881
112,1497,0.9479347284690863
112,1498,-0.04494138227977668
112,1499,-0.8790076113069728
112,1500,-0.8713984032322282
112,1501,-0.6997409902645456
112,1502,0.07660373008402781
112,1503,0.10022770459022001
112,1504,-0.10305600293584388
112,1505,0.3251569370429906
112,1506,-0.36331531263111505
113,1507,0.8167653073933527
113,1508,-0.4350983841742275
113,1509,0.9303151263105369
113,1510,-0.146652538722178
113,1511,-0.6126484603780086
113,1512,-0.49407561123600857
113,1513,0.21084734105483777
113,1514,-0.6104190565119371
113,1515,-0.6575055656075043
113,1516,-0.866907109588328
113,1517,0.5273828303013767
113,1518,0.4420811514872271
113,1519,0.8476790219085736
113,1520,0.8775589170556095
113,1521,0.8057707478055397
113,1522,0.9267031928975011
114,1523,-0.47256086847602824
114,1524,-0.6738837429478001
114,1525,-0.5244788117448634
114,1526,0.46277795739883754
114,1527,-0.3606541720732374
114,1528,0.9874309510900297
114,1529,0.832570303115005
114,1530,0.6316883412279468
114,1531,0.7126781677861196
114,1532,-0.7365945524889154
114,1533,0.9422170957340431
114,1534,-0.11920600052850412
114,1535,0.9866243374580027
114,1536,-1.0081845607668387
114,1537,-0.0015466007547416689
114,1538,-0.3212695863959141
115,1539,0.358346223944304
115,1540,-0.4208438339778609
115,1541,0.9231398398526375
115,1542,-0.8412032463964142
115,1543,0.24067337817865028
115,1544,1.031859258987841
115,1545,1.0493349919983896
115,1546,0.14060270453871088
115,1547,0.64024365769917
115,1548,-0.5339193138377316
115,1549,0.08996109936614911
115,1550,0.7232382766420258
115,1551,0.7968969752231164
115,1552,-0.6388923300106685
115,1553,-0.599079778548991
115,1554,-0.5263672799596626
116,1555,-0.7028896837289864
116,1556,-0.36127977719060966
116,1557,0.222355023861134
116,1558,0.6947900272592816
116,1559,-0.7305577922620136
116,1560,-0.6986513189690879
116,1561,0.2243848448188856
116,1562,0.6409230682808696
116,1563,0.3775344099873042
116,1564,0.1328770601947972
116,1565,1.0263974392770443
116,1566,-0.256763255610775
116,1567,-0.04470955475413371
116,1568,0.02373685516306641
116,1569,0.5948440695386122
116,1570,0.22446645147921296
117,1571,-0.502473706352685
117,1572,0.028749750626854125
117,1573,0.6042238801051085
117,1574,0.9857763072811556
117,1575,0.18742387757259474
117,1576,0.8621602616807603
117,1577,-0.8357338189463317
117,1578,0.7952839882500025
117,1579,0.740507194323764
117,1580,0.34847259380061013
117,1581,0.970214243404093
117,1582,-0.4814850318518203
117,1583,0.031744259407733774
117,1584,-0.16271762041744345
117,1585,0.2893050986768058
117,1586,-0.20895886548974874
118,1587,0.6127969332675498
118,1588,0.6480657526181131
118,1589,-0.7786755491375279
118,1590,0.5720645840574917
118,1591,-0.2009433428239278
118,1592,0.1804315266644891
118,1593,0.7015489749601217
118,1594,0.6104751323332128
118,1595,-0.1623094063389002
118,1596,0.5614141838288157
118,1597,-0.1687507382991893
118,1598,-0.44827696640838044
118,1599,0.9237728140084658
118,1600,0.8002211742721077
118,1601,-1.012753271415619
118,1602,0.821044571245926
119,1603,0.7853738157416175
119,1604,-0.15630329274153115
119,1605,0.40822980559817085
119,1606,0.19221107135912838
119,1607,-0.4662797943356205
119,1608,-0.725908347736924
119,1609,-0.7358589231861951
119,1610,-0.5874380279856778
119,1611,-0.8403935515602113
119,1612,-0.3174517866589264
119,1613,-0.4697091648935037
119,1614,-0.1816503123592079
119,1615,-0.5859049063566137
119,1616,-0.5588754419508647
119,1617,0.8719825946525457
119,1618,-0.18226869784368693
120,1619,-1.070680607483862
120,1620,-0.7538467531378504
120,1621,-0.5401579660104677
120,1622,0.3764777297055315
120,1623,0.9699451093326174
120,1624,-0.1577873304303734
120,1625,0.2391631053362374
120,1626,0.35956575341507657
120,1627,-0.30463638822504874
120,1628,-0.04048189233340798
120,1629,1.0017460554812507
120,1630,-0.4912614799436757
120,1631,-0.5415643540029152
120,1632,0.18108303580911794
120,1633,-0.6521635635823722
120,1634,-0.5658273297061114
151,1635,0.1840996140500419
151,1636,-0.8092723297312425
151,1637,-0.44280467484710584
151,1638,-0.5604051149370803
151,1639,0.8454553229072534
151,1640,0.6222393789479064
151,1641,-0.5522442283339724
151,1642,0.8186498166473564
151,1643,-0.0872929882869327
151,1644,0.391922017432465
151,1645,0.2948956723070083
151,1646,-0.4293995917366349
151,1647,0.6639857758388789
151,1648,-1.0283451954765612
151,1649,-0.6311444161538071
151,1650,0.08913230577816801
151,1651,0.7883588006405632
151,1652,-1.1011631854984034
151,1653,-0.2135360528788633
151,1654,-0.2855091216385091
151,1655,-0.26272053686335073
151,1656,-0.313477434577572
151,1657,0.3730868752263508
151,1658,0.6571823109755963
151,1659,-0.5380976756250229
151,1660,-0.5976439966722052
151,1661,-0.46452773046785006
151,1662,-0.02458083093289083
151,1663,0.2556458320236852
151,1664,2.2551452477803733
151,1665,-0.41381557428577803
151,1666,-0.6755701263869945
151,1667,-0.17933343434241525
151,1668,-0.23448727273187708
151,1669,-0.18273529881631884
151,1670,-0.4807190647533698
151,1671,-0.9015380593209678
151,1672,-0.5983946801132921
151,1673,0.57310608090485
151,1674,0.7240601387838802
151,1675,-0.4319765434360533
151,1676,-0.5142787383143248
151,1677,0.6791839229960167
151,1678,-0.42513089728639775
151,1679,0.8325639660386032
151,1680,0.7462744838588589
152,1681,-0.5623213634121691
152,1682,0.6730710678198245
152,1683,-0.35024205145521686
152,1684,1.0160097726814472
152,1685,-0.24966901365720107
152,1686,-0.3184494422897317
152,1687,0.8610596480097127
152,1688,-0.4636485130911982
152,1689,-0.7811365087928452
152,1690,0.19847288174427724
152,1691,1.0123572770854004
152,1692,-0.7819777188752988
152,1693,0.6344978206898566
152,1694,-0.07711713405917545
152,1695,0.5073834319785991
152,1696,0.8989397471683896
152,1697,0.623295884228465
152,1698,0.7857787232973892
152,1699,0.06701934005784944
152,1700,-0.3294785224026172
152,1701,-0.04815816181084497
152,1702,0.412122791007682
152,1703,-0.313128208962108
152,1704,0.9592911350086691
152,1705,-0.02188679944731107
152,1706,0.8451940759723003
152,1707,-0.9106227011726395
152,1708,0.14541999813900852
152,1709,-0.12049455458754796
152,1710,1.1287716203120841
152,1711,-0.33806653287575933
152,1712,-0.562050206545298
152,1713,-0.6146902149597504
152,1714,0.6170413793674786
152,1715,0.3755668279352476
152,1716,-0.756830050354972
152,1717,0.014274100115396506
152,1718,-0.3782390976958216
152,1719,-0.18838325760206434
152,1720,0.9419574845700152
152,1721,0.23317146359683819
152,1722,-0.11490821084072533
152,1723,-0.5620305871878482
152,1724,-0.16608025671806737
152,1725,0.05831545910402092
152,1726,0.23324318830863788
153,1727,-0.8306410904607104
153,1728,-0.5415044804620164
153,1729,0.1386475452795119
153,1730,0.40519851229751447
153,1731,-0.07904986838911567
153,1732,0.5306937085732402
153,1733,0.0907506591712828
153,1734,0.5878766915508098
153,1735,-0.6282905163246173
153,1736,-0.0495886516708173
153,1737,-0.6802486787356327
153,1738,0.687818325296637
153,1739,0.07365098943093669
153,1740,-0.07866877156599324
153,1741,-0.22595366751545307
153,1742,0.2910338044220328
153,1743,0.3656185790877876
153,1744,-0.8682856619868842
153,1745,0.27957765207026686
153,1746,-0.2337173854470428
153,1747,-0.5036329102853278
153,1748,-0.09743745554681964
153,1749,0.7833469804109612
153,1750,-0.4237879973559005
153,1751,0.913802306918258
153,1752,0.6965874271443987
153,1753,0.6698431906452931
153,1754,0.12953586419821156
153,1755,0.48619714747698334
153,1756,-0.8971542456069845
153,1757,0.07244764754649254
153,1758,0.14613695156766043
153,1759,-0.2729359527335089
153,1760,-0.5273906237220077
153,1761,0.4670353849569378
153,1762,0.6519976305731309
153,1763,-0.3977269984966472
153,1764,0.06492088551572903
153,1765,0.8477765067860482
153,1766,-0.530135907370245
153,1767,-0.543139617790063
153,1768,-0.09127160989594371
153,1769,0.8941277121335675
153,1770,-0.009858240800832786
153,1771,0.9252909296424949
153,1772,0.6669712499726697
154,1773,0.48899096582706936
154,1774,-0.24893242969729382
154,1775,0.48609527225906635
154,1776,0.24653525090613151
154,1777,0.9616448855332357
154,1778,0.10299116600808238
154,1779,0.9499161029746628
154,1780,-0.03568117794653346
154,1781,0.9630890456413186
154,1782,-0.7358641944995565
154,1783,0.27667635446796396
154,1784,0.8888480448048608
154,1785,0.4689969564816451
154,1786,0.2441019231126546
154,1787,0.9869415579791128
154,1788,-0.04779148662160686
154,1789,0.5302869263331326
154,1790,0.5048245387205464
154,1791,-0.17699503160727825
154,1792,-0.8607328092737813
154,1793,0.7133950170947891
154,1794,0.4293433874962497
154,1795,-0.28484489477194297
154,1796,0.0632120638108512
154,1797,0.24986566511986272
154,1798,-0.6971271891486477
154,1799,-0.21536057934426078
154,1800,0.7542400129940985
154,1801,-0.06916311706077832
154,1802,0.5061676051820279
154,1803,-0.4701476230524086
154,1804,-0.20990340783519854
154,1805,-0.40397833069339634
154,1806,-0.46150298912450305
154,1807,0.367244049824052
154,1808,0.5327594882692667
154,1809,-0.8409492712086121
154,1810,-0.2431896067046751
154,1811,0.7266308545008056
154,1812,1.04185114030023
154,1813,0.2417059014797621
154,1814,0.5156107072162986
154,1815,-0.7807539209986605
154,1816,0.056810134052837184
154,1817,-0.4620782348176876
154,1818,0.7611412804099673
155,1819,-0.3626893597330813
155,1820,0.6341107194767347
155,1821,-0.7855728307536763
155,1822,-0.26794375697306844
155,1823,0.08754312298349508
155,1824,-0.0758599506541566
155,1825,0.4575200771927661
155,1826,-0.8304692159274936
155,1827,0.17208861862345495
155,1828,-0.6695850762597854
155,1829,0.7810017337345935
155,1830,-0.8734138247583817
155,1831,-0.715795947100982
155,1832,0.7800249628608673
155,1833,0.7810621655369995
155,1834,-1.2039186281047753
155,1835,0.06291339722111085
155,1836,-0.13453262514665246
155,1837,0.14144009801726157
155,1838,0.03601002289561115
155,1839,-0.8773812521491557
155,1840,0.6574715933823323
155,1841,0.8412013379130014
155,1842,0.8237940611468298
155,1843,-0.3731699440881795
155,1844,-0.03196235141501935
155,1845,0.8079286168853036
155,1846,-0.687240380166208
155,1847,0.8624612966777644
155,1848,1.5833872476679154
155,1849,0.4297350489074531
155,1850,0.049384359995974375
155,1851,-0.04254651563579406
155,1852,-0.8635529694812764
155,1853,-0.15177223242085705
155,1854,-0.32610349939231226
155,1855,-0.7198830946435537
155,1856,-0.27547000018037543
155,1857,0.7658489450061094
155,1858,-0.17214402251832286
155,1859,-0.6569452008252604
155,1860,-0.3490692735611779
155,1861,-0.14750940456707537
155,1862,-0.1948827693918753
155,1863,-0.9443225635594046
155,1864,0.9783231761289377
156,1865,0.07939705130101576
156,1866,-0.9200404695372846
156,1867,-0.4042891252854603
156,1868,-0.4296920265210712
156,1869,-0.7007487246897379
156,1870,-1.0477132939998128
156,1871,0.4068103982855151
156,1872,-0.6005353749257362
156,1873,0.3683090178117211
156,1874,0.05368884350924435
156,1875,-0.9190400213161547
156,1876,0.39429488959837283
156,1877,-0.39746616692592734
156,1878,0.0401412939044517
156,1879,-0.26261942084438084
156,1880,-0.15646783151800828
156,1881,-0.39034202896710113
156,1882,0.3216484314194869
156,1883,0.7526460237237586
156,1884,0.2064854553672094
156,1885,-0.3545641376923667
156,1886,-0.8380093498132702
156,1887,-0.3911943368057915
156,1888,-0.6078270233633511
156,1889,-0.5075636469695191
156,1890,0.9850586154614466
156,1891,0.8892011303274516
156,1892,-0.0893392020205989
156,1893,-0.28612138441277896
156,1894,3.64582178151064
156,1895,0.7775966029052658
156,1896,-0.7121691605560422
156,1897,0.4936064377363935
156,1898,-0.5583910320389119
156,1899,-0.6346580321175631
156,1900,0.12914331924657868
156,1901,0.6129666378742269
156,1902,0.42457625450613123
156,1903,0.028674003641515955
156,1904,0.8144431418733963
156,1905,-0.24666182854923363
156,1906,-0.5129656738758207
156,1907,0.10780547179313198
156,1908,-0.21400343988594472
156,1909,-0.9314977263778205
156,1910,-0.5765295763952796
157,1911,0.889289296952701
157,1912,-0.26626036402952624
157,1913,0.015553355986546957
157,1914,0.14016036696050507
157,1915,-0.5136425140002251
157,1916,-0.4098347723444245
157,1917,-0.15025532629342778
157,1918,-0.9472108617961731
157,1919,0.059956198841958255
157,1920,-0.4030434108959198
157,1921,0.1728953175312073
157,1922,0.8398307343264698
157,1923,-0.21506598429333534
157,1924,-0.5098479818906709
157,1925,0.07501577268196409
157,1926,0.664536100561604
157,1927,-0.15005958225506616
157,1928,-0.8568582580640912
157,1929,-0.5270390439540382
157,1930,-0.8606212942617952
157,1931,-0.6985471355172871
157,1932,-0.0036141834957609613
157,1933,0.6514505403578692
157,1934,0.17177328729171415
157,1935,0.2314769489874006
157,1936,-0.2011544936300895
157,1937,0.16409295423931936
157,1938,0.26282025450499424
157,1939,0.9090181987039168
157,1940,-0.12202939150692202
157,1941,-0.6760638581789149
157,1942,0.45562557080873606
157,1943,-0.6638534303187996
157,1944,-0.16220160669918565
157,1945,-0.373224273848592
157,1946,0.0040906946703875135
157,1947,-0.2918879695824424
157,1948,-0.30513790889018916
157,1949,-0.5049980870154441
157,1950,-0.019128408559004044
157,1951,-0.15116998699527762
157,1952,-0.488199889025823
157,1953,0.5318828680284231
157,1954,-0.0814300188891237
157,1955,-0.9433713083482399
157,1956,0.9436859633490633
158,1957,-1.3209846687874156
158,1958,-0.2270948072603057
158,1959,1.0057839144894696
158,1960,0.13786871047339788
158,1961,-0.32358104905360063
158,1962,0.11395769767310698
158,1963,-0.5571084787313975
158,1964,-0.8968982290210644
158,1965,0.4894341393260971
158,1966,-0.7307025960026079
158,1967,0.45822012872453766
158,1968,-0.6320952128765889
158,1969,0.20980884633767008
158,1970,-0.6538355539968735
158,1971,0.39119860165292497
158,1972,-0.7736627489200838
158,1973,0.2930563691630067
158,1974,-0.07375354530748113
158,1975,-0.17256435665589814
158,1976,0.40078280386503784
158,1977,0.432748284476622
158,1978,0.8427558920849196
158,1979,0.04528049007594251
158,1980,0.6893452285306272
158,1981,0.11477176984683635
158,1982,-0.9562792257272832
158,1983,0.06200915881901931
158,1984,0.7670734696942639
158,1985,-0.6387091785377714
158,1986,1.489147823069562
158,1987,0.3857320385281194
158,1988,0.47038531177567394
158,1989,-0.8354399846204645
158,1990,-0.929348842941717
158,1991,1.0025883865628111
158,1992,-0.9671265653797597
158,1993,-0.5160670185171728
158,1994,0.9490820521120933
158,1995,-0.32515853295512015
158,1996,0.7044470452839896
158,1997,0.5980249878915397
158,1998,-0.5702555561043257
158,1999,0.4129942588979068
158,2000,-0.9700750315044957
158,2001,-0.6504772292952621
158,2002,0.7688968060458525
159,2003,0.06035293718571531
159,2004,-0.8848236356851414
159,2005,0.8506751162885184
159,2006,-0.6386644523409722
159,2007,-0.15913632375484255
159,2008,0.04315700537673676
159,2009,0.47742484694715903
159,2010,-0.08509101134325792
159,2011,-0.43547183709783926
159,2012,0.010065358952242077
159,2013,-0.21659138577048087
159,2014,-0.9109994553230238
159,2015,0.7682584081642191
159,2016,0.8210367766370308
159,2017,0.33919042646408115
159,2018,0.25006600733766715
159,2019,-0.2638687649204352
159,2020,0.3055281874382689
159,2021,0.39535103770745017
159,2022,-0.936810875073924
159,2023,0.7314679272954545
159,2024,0.6550151315115823
159,2025,0.5108969818993829
159,2026,-0.4457639142937157
159,2027,0.7105031557582467
159,2028,0.4763675369507712
159,2029,0.11366445959520526
159,2030,0.19491905473095494
159,2031,-0.35695938485641726
159,2032,0.5503438890274053
159,2033,0.6226801038418679
159,2034,-0.5302745051625243
159,2035,0.7749425725991677
159,2036,0.9831165554049288
159,2037,0.922959861734025
159,2038,0.9521178781634781
159,2039,0.023885222324483545
159,2040,-0.2528352368017724
159,2041,0.5209852215731889
159,2042,-0.275503267549836
159,2043,-0.6400166171926391
159,2044,-0.21929642051144888
159,2045,0.5572253996004928
159,2046,-0.8073499556616726
159,2047,-0.8104258476056334
159,2048,-0.9400879834188098
160,2049,0.9432290672974586
160,2050,0.37811155091652815
160,2051,0.6635991931484588
160,2052,-1.1262982608141159
160,2053,0.6032138499223276
160,2054,-0.6996827682565073
160,2055,-0.8888942280197234
160,2056,0.5603732178437761
160,2057,0.2783546528338154
160,2058,0.8442530410281455
160,2059,0.9545795678458728
160,2060,-0.030157727208290647
160,2061,0.497090172344848
160,2062,-0.2415170204542443
160,2063,0.4296360685791712
160,2064,-0.1768096087305252
160,2065,0.30431563528783623
160,2066,0.4019286157052736
160,2067,0.7248104442502474
160,2068,0.5384442622361564
160,2069,-0.4881362394589107
160,2070,0.5710316501120497
160,2071,0.5048953346454428
160,2072,0.14379560192225707
160,2073,-0.9589439090191504
160,2074,-0.294448112196964
160,2075,-0.009827865490348382
160,2076,-0.8818164045719332
160,2077,-1.155478171059057
160,2078,-1.0925891117439142
160,2079,-0.7432373901344067
160,2080,-0.8955963482137302
160,2081,-0.8320581630036279
160,2082,-0.44882671659343437
160,2083,0.2768989380436638
160,2084,-0.7346252146972085
160,2085,1.1176667058824112
160,2086,-0.5988954054233172
160,2087,0.2985295229923572
160,2088,0.5414927272685641
160,2089,0.27670190561399016
160,2090,-0.4369526570531532
160,2091,-0.5974986796230752
160,2092,0.6956062134282626
160,2093,1.061457558980598
160,2094,-0.4630417996000338
161,2095,-0.7733204412856887
161,2096,-0.3647370569416451
161,2097,0.1553065828392584
161,2098,0.8080518580334803
161,2099,-0.8216084020612571
161,2100,-0.7917970120026502
161,2101,0.09902451909325981
161,2102,-0.5328923521588943
161,2103,0.7466994382561044
161,2104,0.32560506999026106
161,2105,0.30651520813654426
161,2106,0.314219174971894
161,2107,-0.6223375316307548
161,2108,-0.9958109037001986
161,2109,0.9485075396122503
161,2110,-0.6625681227780769
161,2111,-0.22527527995088512
161,2112,-0.022403853410796887
161,2113,-0.8426364049446396
161,2114,-0.3552855055405596
161,2115,-0.5624765536973777
161,2116,-0.12899457928552904
161,2117,-0.7416034927712727
161,2118,0.6756684663963587
161,2119,-0.6142768259794692
161,2120,0.12558707288363177
161,2121,-0.08675105729197911
161,2122,1.100958661937734
161,2123,-0.2095409127175911
161,2124,-0.3433812960934537
161,2125,0.2988105844976452
161,2126,-0.06644639234002567
161,2127,0.8802838313238727
161,2128,-0.1617994831903687
161,2129,0.8770278756839438
161,2130,-0.12653653080175567
161,2131,-0.9802279608522575
161,2132,-0.20209079021098372
161,2133,0.5797588651712471
161,2134,0.38014435840142313
161,2135,-0.46285733644618265
161,2136,-0.7339754065352394
161,2137,0.8631119708731871
161,2138,0.6819106722992564
161,2139,0.8388609320905358
161,2140,0.6248239414240899
162,2141,0.37915381413782107
162,2142,-0.6699435870629489
162,2143,-0.7089460297938303
162,2144,0.2485798508084552
162,2145,-1.0328884474854556
162,2146,0.009246930805131396
162,2147,0.9554900281301195
162,2148,-0.30952542990077897
162,2149,0.3843285632893292
162,2150,0.26619307967500827
162,2151,0.6396513197467262
162,2152,0.3001026224569892
162,2153,-0.7766503951770576
162,2154,0.22393123171954793
162,2155,-1.0259547318739688
162,2156,-0.5993570584231741
162,2157,0.3452075783051444
162,2158,-0.46392453205982687
162,2159,0.24005812317661013
162,2160,-0.10175954504580942
162,2161,0.06685656393428413
162,2162,-0.581936779506231
162,2163,-0.4464373318974359
162,2164,-0.6354045886706821
162,2165,-0.5460344550416827
162,2166,-0.8122986573974588
162,2167,0.3855126965476641
162,2168,0.18690176155553512
162,2169,-0.4222602495461847
162,2170,0.05860168723893722
162,2171,-0.7690894988253981
162,2172,-0.18880639940990845
162,2173,-0.6546446968092147
162,2174,0.7396906308934366
162,2175,-0.17275386515467803
162,2176,-0.6152509635785364
162,2177,-0.46553198887593683
162,2178,0.5087364074368804
162,2179,0.009821348301603413
162,2180,-0.9335337165867029
162,2181,-0.04995404749775944
162,2182,0.24402321964660237
162,2183,-0.31462940032447173
162,2184,-0.2873009579721901
162,2185,0.247918441552211
162,2186,-0.20440455284700265
163,2187,-0.4986391859237294
163,2188,-0.22629783022843913
163,2189,-0.08298139420840059
163,2190,0.1298236068612962
163,2191,-0.4699257751954829
163,2192,0.6284417617667584
163,2193,-0.39670577418380315
163,2194,-0.5933992234552106
163,2195,0.04569310335976703
163,2196,0.49337101378198084
163,2197,-0.14210158276199028
163,2198,0.6074486893298675
163,2199,1.1483631446783704
163,2200,-0.6765595559910146
163,2201,0.671509723910159
163,2202,0.4841306330827212
163,2203,0.35379298351580213
163,2204,0.04750796386746446
163,2205,-0.32782451438020754
163,2206,-0.5262712161803299
163,2207,1.1502113316490856
163,2208,0.004784392420079126
163,2209,0.5792478642253434
163,2210,0.6310549959259011
163,2211,0.708233424734984
163,2212,0.7655032186196504
163,2213,0.07304947791236881
163,2214,0.24620422692582977
163,2215,1.3560842829947966
163,2216,1.6383520303993986
163,2217,-0.36611080135625884
163,2218,0.5997512176311728
163,2219,0.7623498241796882
163,2220,0.8857383591621015
163,2221,0.7855019990699423
163,2222,0.044319784531653784
163,2223,0.6931051337223041
163,2224,-0.7662364150425904
163,2225,-0.9593847799339713
163,2226,-0.37200099839891426
163,2227,-0.33816034715450916
163,2228,0.10254966710291637
163,2229,-0.6764500756610865
163,2230,0.42743825509401295
163,2231,0.28247845565499885
163,2232,-0.11423216620797194
164,2233,-0.8767949995249126
164,2234,1.0631770930774163
164,2235,0.9875086473034193
164,2236,0.10242071904715365
164,2237,1.1589368102150477
164,2238,-0.13064662861346246
164,2239,0.27102123084892465
164,2240,0.438422166691399
164,2241,0.6501184940304673
164,2242,-0.1083643848956668
164,2243,0.7065857190802708
164,2244,0.04002669316259101
164,2245,0.7701915356806673
164,2246,0.932143378787747
164,2247,0.06228198844700693
164,2248,0.45819498109222556
164,2249,-0.1191746652651228
164,2250,0.1718030722939941
164,2251,0.6369713797966288
164,2252,0.3432094148922608
164,2253,-0.48780163629392154
164,2254,0.42404363745018886
164,2255,-0.3988078234062473
164,2256,0.25503221492665973
164,2257,-0.5174928679757359
164,2258,0.0524204115772311
164,2259,0.609418699500322
164,2260,-0.4985421762460739
164,2261,-0.8922535337031674
164,2262,1.636857873944542
164,2263,-0.920722385906418
164,2264,-0.4808206230429578
164,2265,0.8467860994373458
164,2266,0.5658664177226491
164,2267,-0.8508362400208703
164,2268,-0.2790937376730708
164,2269,-0.343554501778079
164,2270,-0.6317307633299588
164,2271,-0.13354890469860134
164,2272,-0.6042516032487292
164,2273,-1.167686773457272
164,2274,-1.3479756171206208
164,2275,-0.4698481741450878
164,2276,-0.21017833348467282
164,2277,0.22565740355380856
164,2278,-0.17583839340157503
165,2279,-0.10789005719833325
165,2280,0.48394744839126763
165,2281,-0.24176334982640824
165,2282,0.20616435547663395
165,2283,0.37117203498112006
165,2284,-0.5986546257517293
165,2285,-0.2668060729032987
165,2286,-0.6702739896647104
165,2287,-0.17818767681523387
165,2288,-0.7281111657179091
165,2289,0.10739643510546784
165,2290,-0.9074521524387696
165,2291,0.6429249591632111
165,2292,-0.5664027082742198
165,2293,0.7026397547188495
165,2294,-0.9028855647446838
165,2295,0.3181883197347346
165,2296,-0.5882205155985141
165,2297,0.09640092114454209
165,2298,0.19778811732413315
165,2299,-0.9837055203261245
165,2300,0.8492127481334926
165,2301,0.15127368156344
165,2302,0.4629214359449042
165,2303,-0.39323937129154657
165,2304,-0.4865315808683555
165,2305,0.24889928295019173
165,2306,-0.7691982862972143
165,2307,0.7447308473006253
165,2308,-0.8016309637887639
165,2309,-0.6002183733286325
165,2310,-0.058670977283041506
165,2311,-0.3087710147412276
165,2312,-0.20003525006835965
165,2313,0.7022523634416745
165,2314,0.6210043318529245
165,2315,0.7384948167002694
165,2316,-0.45486076392535235
165,2317,0.6483642853719046
165,2318,-0.9310093574146985
165,2319,0.09376169038327434
165,2320,-0.6365323165886582
165,2321,-0.06343011265800458
165,2322,0.7349322914620607
165,2323,-0.5435243936809763
165,2324,0.4872021386534542
166,2325,1.1227329679347808
166,2326,0.6850811649486396
166,2327,-0.3490931366138685
166,2328,-0.9571249086176893
166,2329,0.5892938430131817
166,2330,1.7049404195053435
166,2331,-0.2505115174726216
166,2332,0.9013874235402778
166,2333,-0.5703832555260082
166,2334,-0.9647728835592962
166,2335,-0.2780079330665657
166,2336,-0.9747044465866334
166,2337,1.6198617130579633
166,2338,1.233852017105888
166,2339,-0.3868442908060019
166,2340,0.994070170739672
