20,12,12,1
21,0,0.3248537633473835
21,1,0.7805446921474453
21,2,-0.6472549578681587
21,3,-0.979421785829695
21,4,-0.7901495231408221
21,5,-0.6833044021841911
21,6,-0.5013981755211048
21,7,0.17583849614637162
21,8,0.07365039706284708
21,9,0.8088859198066781
21,10,0.9071916362769326
21,11,0.32382799164286735
21,12,0.28561279246754334
21,13,-0.27165924329699154
21,14,-0.14060284036383003
21,15,0.15127468630810015
21,16,-0.7672250998593454
21,17,-0.5373392022628457
21,18,-0.0601667813778967
21,19,-0.09748227143706302
21,20,0.5248772134154176
22,21,0.8058250800265009
22,22,-0.9752544149313088
22,23,-0.11613372539724116
22,24,-0.31473709872588856
22,25,-0.24090514486881864
22,26,0.980197330535613
22,27,-0.9553627620791421
22,28,-0.42617034640444657
22,29,-0.7142149300592272
22,30,0.5408364066811236
22,31,-0.7384008928907422
22,32,-0.38675741650500445
22,33,-0.4046601109290093
22,34,-0.16287345553161536
22,35,0.9189245943375095
22,36,0.8175466124588874
22,37,0.47392764284439937
22,38,0.43171422539649307
22,39,0.5891385923647632
22,40,0.841279642574095
22,41,0.48255429330691824
23,42,-0.8734241460146794
23,43,0.880605772742396
23,44,-0.25022173806629444
23,45,0.8487131449815627
23,46,0.25944362946525346
23,47,0.024085064248073003
23,48,0.1524432289281667
23,49,0.454248732292285
23,50,-0.2597930148712119
23,51,0.9183501807449647
23,52,0.5732798758670434
23,53,-0.9522393547457045
23,54,-0.43208634040535027
23,55,-0.9095734785639178
23,56,0.35385644972700625
23,57,0.18026534597222454
23,58,0.6206839406726692
23,59,0.589449385960997
23,60,0.08710896789048045
23,61,-0.5230942043581516
23,62,-0.580877262930459
24,63,-0.007896549959955843
24,64,0.06967361272689272
24,65,0.025622771978506518
24,66,0.4039265631857483
24,67,0.1213403045635455
24,68,-0.9361902950447695
24,69,-0.0036415329762112683
24,70,-0.03178693414926169
24,71,-0.14844525098488326
24,72,-0.7618137892909144
24,73,0.34771087622543156
24,74,0.5867829650717029
24,75,-0.6313553301979752
24,76,-0.6977038569900965
24,77,0.4238494449945323
24,78,0.9139408833291651
24,79,0.5652089767771383
24,80,0.03911528095145233
24,81,-0.25107437728421
24,82,0.5894786981188391
24,83,-0.9435209160844846
25,84,-0.5258749583659249
25,85,0.7862459521521488
25,86,0.3259324445972799
25,87,0.09317614857953399
25,88,-0.5809765964406073
25,89,0.4530223659853046
25,90,-0.5181940756604834
25,91,-0.8771763384661679
25,92,-0.9848477011214182
25,93,0.9129745591375119
25,94,0.004446630949583565
25,95,-0.7949061625775093
25,96,-0.11275387321443221
25,97,0.6079372264157402
25,98,-0.46263889896904503
25,99,-0.4847046962829932
25,100,0.09009153257281978
25,101,0.8829635226954935
25,102,-0.14180160831269806
25,103,0.2987532310274474
25,104,-0.282801657422612
26,105,-0.3172153702835067
26,106,-0.31185884914948225
26,107,-0.6591667883639936
26,108,-0.027882887771870892
26,109,-0.3892186366377841
26,110,0.35400527383695474
26,111,-0.5253895357961399
26,112,0.22216005459946245
26,113,-0.28691576501219773
26,114,0.8452011512481228
26,115,0.6052270746276495
26,116,0.7396919658595859
26,117,-0.4797326756068835
26,118,0.4712822023472389
26,119,-0.8467720508569354
26,120,0.2986081302754699
26,121,-0.3955278705566247
26,122,0.08601926718419807
26,123,-0.4624660140457947
26,124,-0.21294187052891575
26,125,-0.08690912725420152
27,126,-0.6013461574268777
27,127,-0.12784377328804958
27,128,0.8555937076433491
27,129,0.2380258236017152
27,130,0.9143675518722324
27,131,0.7397125318422954
27,132,-0.9051132516128392
27,133,-0.08169260589494787
27,134,0.3993005743796977
27,135,-0.6038304252984806
27,136,0.3627187295011943
27,137,0.6337232801226365
27,138,-0.5272565525505329
27,139,0.11848457296354817
27,140,-0.6652694427911339
27,141,0.46986578290916564
27,142,-0.18536116618240897
27,143,0.4065457004086678
27,144,-0.9151478663116533
27,145,-0.23536973591142893
27,146,0.7919549063763729
28,147,0.7647601615800734
28,148,0.3008568403993366
28,149,-0.6199139047896118
28,150,0.8790968571877933
28,151,0.4176239850041242
28,152,0.2602005525653494
28,153,-0.4615910645283794
28,154,0.14362569629580352
28,155,0.9194200363452166
28,156,0.5809181832923025
28,157,-0.07291618121450799
28,158,0.33208382390893726
28,159,-4.3545092750237605E-4
28,160,0.841297522394234
28,161,0.1618252454846263
28,162,0.5362150425557819
28,163,-0.9367512639684309
28,164,0.5768172414913826
28,165,-0.07360229413813642
28,166,0.31776199929876653
28,167,-0.18642706648075835
29,168,0.945669861968978
29,169,0.8068704010278723
29,170,0.32184070515255603
29,171,0.23573192561178694
29,172,-0.6637458455069851
29,173,0.8204130337116631
29,174,0.7261511800511444
29,175,-0.2825261056518728
29,176,-0.29011800812502503
29,177,-0.370773272719234
29,178,-0.9516067972944212
29,179,-0.2626383356735796
29,180,-0.03360701669548346
29,181,0.6345027553988782
29,182,-0.6850741218402363
29,183,-0.6216804491461431
29,184,-0.2602725312351555
29,185,0.8707206368766022
29,186,0.5638523896782742
29,187,-0.656654605290765
29,188,-0.7563155614740584
30,189,-0.46683452327570607
30,190,-0.03501019458075368
30,191,0.6510478893466706
30,192,0.7057581934685692
30,193,0.4159343989391428
30,194,0.32772643790741257
30,195,0.7651130690511377
30,196,-0.8634705783984815
30,197,0.6065216171709059
30,198,-0.7148913865144519
30,199,0.2688559279600888
30,200,-0.529342024718
30,201,0.34323955375560017
30,202,-0.8131723289044743
30,203,-0.540366079530185
30,204,0.7006942443517818
30,205,-0.37013622792632
30,206,0.7587359336180479
30,207,-0.20922456196234793
30,208,0.08463177762977961
30,209,0.8630542315581939
31,210,-0.6611765413933862
31,211,-0.6864388782647408
31,212,-0.6022926494586948
31,213,-0.31525789568751655
31,214,0.013776028053237178
31,215,0.6930572353842798
31,216,0.06928636818985208
31,217,-0.8303827083126327
31,218,-0.22505216861273014
31,219,0.810684331280063
31,220,-0.9061787262889495
31,221,-0.8900766287134148
31,222,-0.8495270956061476
31,223,0.49905092478456886
31,224,-0.25556417806937815
31,225,0.7763566252880162
31,226,0.21034765351273177
31,227,0.9741778683113983
31,228,0.6875354309012282
31,229,-0.2581058005856051
31,230,0.7324457671963529
32,231,0.5829399323152238
32,232,-0.7098379214730903
32,233,-0.4432895714389729
32,234,-0.6245367707687571
32,235,-0.6840427572876221
32,236,-0.1470892630830542
32,237,-1.0068660887440677
32,238,0.42639410586346993
32,239,0.8786148354321731
32,240,-0.20682619741430244
32,241,-0.6854603961562116
32,242,-0.04122086080850787
32,243,0.07348210887915
32,244,0.7119523176165796
32,245,-0.3347612424057708
32,246,-0.009277433514249755
32,247,0.8199333508611073
32,248,0.0010890791254006792
32,249,-0.006016541241428508
32,250,1.0441309546469668
32,251,-0.40981823412395
33,252,-0.38207314110598734
33,253,0.6327705910836144
33,254,-0.7932085264575817
33,255,-0.69089498718435
33,256,-0.17782516148308497
33,257,0.9757518225009055
33,258,0.7016929810112286
33,259,-0.38640618618526307
33,260,0.9758995884728481
33,261,-0.09000692724489487
33,262,-0.3668370386740901
33,263,0.5866054052867283
33,264,0.3248157056316159
34,265,0.31518010392792545
34,266,0.9155895438651016
34,267,-0.006259362138285039
34,268,-0.1408124000001956
34,269,0.9057935830503631
34,270,0.8055849662109944
34,271,-0.7070562268494807
34,272,0.8675003420374204
34,273,0.8050785976994905
34,274,-0.38356377082619136
34,275,0.8912821153619473
34,276,-0.22748515918899037
34,277,-0.0011445762389772351
35,278,0.9458753151139618
35,279,-0.2314518632999918
35,280,-0.18135385811857596
35,281,0.2546178128346461
35,282,-0.5937767210352505
35,283,-0.8849338502088555
35,284,-0.28821998042585717
35,285,0.25095887242262854
35,286,-0.30012809012620056
35,287,0.251966112731925
35,288,0.16093236583719311
35,289,0.9113439436612496
35,290,-0.21385632069620897
36,291,-0.17070139760818334
36,292,0.8140338988961742
36,293,0.9248108743583341
36,294,-0.22489878756958526
36,295,-0.2878693260707577
36,296,0.45940379510323653
36,297,0.9118765270471274
36,298,-0.6998809698324535
36,299,-0.8832534733776422
36,300,-0.602959103042142
36,301,-0.1028134734499953
36,302,-0.6338384176232451
36,303,-0.046181743091129324
37,304,0.4571664031924893
37,305,-0.06878314672082488
37,306,0.1401550439859106
37,307,-0.43379259919090896
37,308,0.7264184520273782
37,309,0.13775241701455934
37,310,0.6121053622793072
37,311,0.5810974546668266
37,312,-0.6233088576807849
37,313,-0.24305365296464992
37,314,-0.37702689967164865
37,315,-0.8596326604504485
37,316,0.5855045111723272
38,317,0.6784212056128076
38,318,-0.6933280308143975
38,319,0.39769885752826384
38,320,0.5126680878812769
38,321,0.8597161595003321
38,322,-0.5728441671548211
38,323,0.035361027182256866
38,324,-0.1789066636337567
38,325,0.04403175860547212
38,326,0.33356584302456255
38,327,-0.7975675199897396
38,328,-0.6976725482382184
38,329,-0.7858900851206294
39,330,-0.4384465597600557
39,331,-0.9964770106307977
39,332,0.060743328792049564
39,333,-0.4497696162212497
39,334,0.8868656961738314
39,335,0.7126352847170039
39,336,-0.31720054280499266
39,337,0.9095632964497637
39,338,-0.7236176033317193
39,339,-0.8178074502896003
39,340,0.7625639693177206
39,341,-0.30863671054431924
39,342,0.88444146442894
40,343,-0.3710871890810448
40,344,0.6144039228983976
40,345,-0.24514233111217684
40,346,0.8540328681239805
40,347,-0.6136392237491612
40,348,0.6388843583418738
40,349,-0.31831566599038674
40,350,-0.05751663738073539
40,351,0.4951158544117916
40,352,0.7756755573572974
40,353,0.9231323184115849
40,354,-0.7579176937933898
40,355,-0.028595053430949813
41,356,0.8902399168764331
41,357,0.6402257543886833
41,358,-0.989161889429042
41,359,0.4454652024278732
41,360,0.28247115624046665
41,361,0.3596249556180732
41,362,0.7757501606860303
41,363,0.6242067682565992
41,364,0.059941177659348296
41,365,-0.6404372920394756
41,366,-0.9156186941282942
41,367,0.3900266593170573
41,368,0.30943498707592587
42,369,0.24267818446973016
42,370,0.7888525330612258
42,371,-0.23394157983941827
42,372,0.9860422477438683
42,373,0.09006059673597366
42,374,0.2722303933558885
42,375,-0.12932137249264275
42,376,0.6528758381919411
42,377,-0.72035409222988
42,378,0.41974882588785484
42,379,0.1838476161711784
42,380,0.9516912537337693
42,381,0.47833996562344283
43,382,0.6066338066709225
43,383,1.0207326111917228
43,384,-0.9279000543766198
43,385,0.802014950763554
43,386,-0.6598346076759327
43,387,-0.6275579064087863
43,388,-0.14121336102815688
43,389,-0.029523962201210622
43,390,0.4294905812987064
43,391,-0.31156401197878664
43,392,-0.8361554795657178
43,393,0.5957831097083941
43,394,-0.3552782684360183
44,395,0.3346960432035227
44,396,-0.813240415771364
44,397,-0.32604902901114574
44,398,-0.561939860714512
44,399,0.9382907230485901
44,400,0.08382594919326856
44,401,0.788483126251891
44,402,-0.8943508145399083
44,403,0.4445393539202988
44,404,-0.7036582672774769
44,405,-0.63158978151221
44,406,0.8143581813457096
44,407,0.8535916925763254
65,408,0.9797408352670949
65,409,-0.007481835998339787
65,410,0.2505775192499985
65,411,0.8967982393786127
65,412,-0.35151546452252697
65,413,0.2327612789207509
65,414,0.7466790083808829
65,415,0.0761237836441312
65,416,0.25666967783786204
65,417,-0.9702192149515149
65,418,-0.6834336304480586
65,419,-0.5015290683593466
65,420,0.6767626699997931
65,421,-0.9752039703122114
65,422,0.7399268850568156
65,423,0.02856655690190814
65,424,0.24814405774675116
65,425,0.48376977323761916
65,426,0.056758177490441424
65,427,-0.8628771311881374
65,428,-0.689299105504319
65,429,-0.314457595766857
65,430,-0.4510264300677215
65,431,0.9597919692552237
65,432,-0.5338994761703978
65,433,-0.5788025435223196
65,434,-0.41363297189891474
65,435,0.7343203766590644
65,436,0.31221255459884206
65,437,-0.03219224987059472
65,438,-0.6822546543146953
65,439,-0.14075198935327735
65,440,-0.013900268883315858
66,441,0.21253260026921902
66,442,-0.5028316881719078
66,443,-0.48854790616409705
66,444,-0.9676796465099362
66,445,-0.930073467408299
66,446,0.2672688402320648
66,447,0.5807857863377924
66,448,0.25270614506409306
66,449,0.3586877210103837
66,450,0.883813429376792
66,451,0.6477421570775457
66,452,0.8128170828829969
66,453,-0.02950545411549212
66,454,0.3326223987712696
66,455,0.10350503356161733
66,456,0.3437657906262231
66,457,0.017689421879139824
66,458,-0.5449751433692047
66,459,0.6871386394827151
66,460,-0.45588307166180636
66,461,0.8626974900654597
66,462,-0.44406921066453325
66,463,-0.6054413380847669
66,464,0.07526496153688332
66,465,-0.9363114271121202
66,466,-0.32099497141471683
66,467,-0.429520134733145
66,468,-0.6055533046571093
66,469,1.0313890211890675
66,470,0.25532467542071136
66,471,0.8035082411250569
66,472,0.4235536552318447
66,473,0.5103992050321511
67,474,-0.3707127752453608
67,475,0.21064314626956018
67,476,0.2043780045557556
67,477,-0.926580761323151
67,478,0.3907702169445461
67,479,0.4534082433776136
67,480,-0.8366377923449826
67,481,0.5155111370130177
67,482,0.7760907329756963
67,483,-0.5155689406330807
67,484,0.48590847274354915
67,485,-0.25920308169555883
67,486,-0.24040247616354726
67,487,0.09892025871685482
67,488,-0.2344924482727342
67,489,-0.7601228583257554
67,490,-0.4222644242389103
67,491,0.2563651827004936
67,492,0.09864520739626624
67,493,-0.7000025138735574
67,494,0.6625759475180426
67,495,-0.23862340554472378
67,496,-0.13987515337406858
67,497,-0.14775011626411275
67,498,-0.7391087149944088
67,499,0.24680646225271347
67,500,0.5508760552887785
67,501,0.05963828651391205
67,502,-0.6529707415106301
67,503,-0.39396027740057676
67,504,-0.4066155855155634
67,505,0.948565324237469
67,506,-0.6940595064601631
68,507,-0.26259070950845687
68,508,0.752686789340497
68,509,0.7061395925607116
68,510,0.17497405189363843
68,511,-0.9851328050550262
68,512,0.8772045931647824
68,513,0.5208591965996202
68,514,0.8124107114873396
68,515,0.2681711496885579
68,516,-0.9314646504287187
68,517,-0.9636933283583016
68,518,0.8412824038729549
68,519,-0.597102530878065
68,520,0.4432859278183856
68,521,-0.438742791791039
68,522,-0.36715854819460153
68,523,-0.1503088724051513
68,524,-0.03669193670241443
68,525,-0.21675027079868395
68,526,1.138075537933545
68,527,0.8766293684112542
68,528,-0.2984010589981673
68,529,0.9982921803634771
68,530,-0.13418118749622843
68,531,0.2901100221457239
68,532,-0.9431429295214577
68,533,0.5569581245198292
68,534,0.15771004493460014
68,535,-0.4424104555120297
68,536,-0.06470789535898924
68,537,0.3063972570860937
68,538,0.774537092151987
68,539,0.7810366483196407
69,540,-0.631856002426585
69,541,0.42485445520854936
69,542,0.6568442943170829
69,543,-0.77271559437941
69,544,0.32365477553038297
69,545,-0.6509987069883293
69,546,0.6873629757404253
69,547,-0.17388220743367278
69,548,0.10301834516979834
69,549,0.16330918012211607
69,550,-0.10699612933862016
69,551,-0.8831872820294864
69,552,0.015202023792501976
69,553,0.49599277736855724
69,554,-0.30398698051073825
69,555,-0.5045767230831623
69,556,0.851838139437532
69,557,-0.36127220718160463
69,558,0.9369844750361811
69,559,-0.6581798732111901
69,560,0.8396845478351256
69,561,0.4355387624797378
69,562,-0.06347141327971645
69,563,0.4754076101054207
69,564,0.40785250497394554
69,565,-0.5599256604048947
69,566,1.004131742510199
69,567,-0.08273229025167786
69,568,-0.4964267963525097
69,569,-0.5245086218395608
69,570,0.38763017497112756
69,571,-0.5925998540331892
69,572,0.6068754180294293
70,573,0.9607153232592547
70,574,0.22161741343465555
70,575,0.8374638383852183
70,576,0.06481880334321595
70,577,0.39159035967189665
70,578,-0.024837809592586097
70,579,-0.19338775642642908
70,580,-0.5171775608667726
70,581,-0.3541428448163497
70,582,0.3656972826307147
70,583,-0.5199217263249101
70,584,-0.608871326456882
70,585,0.4189224467144624
70,586,0.4145436920345738
70,587,0.36641401695580617
70,588,0.5099579800307714
70,589,0.0961293514097128
70,590,0.24708543985782547
70,591,-0.6285189982970906
70,592,0.30200032307523456
70,593,0.35990180281487566
70,594,-0.025086024082333364
70,595,0.2634879466434493
70,596,-0.1644930054915814
70,597,0.955165565683539
70,598,-0.8046483868408677
70,599,0.8357542519150235
70,600,-0.7825357325283432
70,601,-0.3689361562967884
70,602,-1.0328193899891118
70,603,-0.7948450324262487
70,604,-0.7086893337880058
70,605,-0.8626525477100113
71,606,-0.3254110787923048
71,607,-0.7517115444672178
71,608,0.4952505031198413
71,609,-0.175109618230229
71,610,0.29618347252911026
71,611,-0.8739302841392094
71,612,-0.23236302227158417
71,613,-0.8663047420725322
71,614,0.0807010224149568
71,615,-0.12231106198349345
71,616,-0.602440111489606
71,617,0.14135711047641877
71,618,-0.9849689188481684
71,619,0.24829420508420125
71,620,-0.4390623304579121
71,621,0.4405842320542496
71,622,0.9501471616461674
71,623,0.5211075154113335
71,624,-0.11310361917985498
71,625,-0.3563714357840727
71,626,0.8115791746079285
71,627,0.08753381149617978
71,628,0.21920180139812698
71,629,-0.7860643619084025
71,630,-0.3159770954608994
71,631,0.689466135228968
71,632,0.7666822458206292
71,633,-0.6506234580136652
71,634,-0.06585634325315688
71,635,0.08350145530401504
71,636,0.4724091877701269
71,637,-0.3889870619119539
71,638,0.9827699750094132
72,639,-0.05162621701917396
72,640,-0.31367655470272593
72,641,0.3843901849999634
72,642,0.5677126988320327
72,643,-0.5437712911324002
72,644,-0.42049164279683837
72,645,-0.7424822163108331
72,646,-0.9014368421014434
72,647,-0.5272641027302163
72,648,-0.30367865808277333
72,649,0.7879792861897028
72,650,-0.11653836143614407
72,651,-0.8875923129121006
72,652,-0.5051896070988188
72,653,-0.603973172876817
72,654,-0.06269080071647834
72,655,-0.7067653399283091
72,656,0.7734030491346618
72,657,-0.255302395147529
72,658,0.7477512212611497
72,659,-0.7004947829435604
72,660,0.28319549736273875
72,661,0.8514244685789526
72,662,-0.3520385846352543
72,663,-0.3125171560842907
72,664,0.07225601058489947
72,665,0.9786201147013062
72,666,-0.007586490454954318
72,667,0.8110181173460421
72,668,-0.7750942988752347
72,669,-0.17306994327297553
72,670,-0.6070461330197616
72,671,0.5126856067534078
73,672,0.738450302872931
73,673,0.7420872564607168
73,674,0.13964198952805298
73,675,0.6554298290953657
73,676,0.9074449688604792
73,677,-0.5480994463072062
73,678,-0.2568831990627013
73,679,3.3822816384057033E-4
73,680,-0.045860636784374034
73,681,0.06004031250560186
73,682,-0.5398541227100263
73,683,-0.5106971788086286
73,684,0.21798480785488425
73,685,0.4075512813936235
73,686,-0.5631650827498097
73,687,-0.26804273939286566
73,688,0.1817489955312347
73,689,0.09741177306464706
73,690,-0.9071541708792438
73,691,-0.9665832827938264
73,692,-0.7123563308116633
73,693,0.2905945573587568
73,694,0.22177993048676303
73,695,-0.003391078490398351
73,696,0.4607131442293751
73,697,0.7176650332539075
73,698,0.121608777455456
73,699,0.8085518354841132
73,700,0.7704812442575358
73,701,1.7492760264857003E-4
73,702,0.7025426760037371
73,703,-0.4441321736614184
73,704,0.3750023767199395
74,705,0.1985878800100866
74,706,-0.9324354460792683
74,707,-0.716350634909129
74,708,-0.4779572661612527
74,709,0.9510023019824678
74,710,-0.32026827384862155
74,711,-0.4173819931429623
74,712,0.08730190795920924
74,713,-0.5138093151850913
74,714,0.16175174700589456
74,715,-0.46669419972443293
74,716,-0.02665484907648846
74,717,0.8784117789998792
74,718,-0.5798973946854233
74,719,-0.3917008725615987
74,720,0.5438128185978299
74,721,-0.2111178968992133
74,722,-0.9552788085770575
74,723,1.0241579044094615
74,724,0.8806728070490764
74,725,0.004064706240148224
74,726,0.6770582219916271
74,727,0.887937356074405
74,728,-0.21350021791640184
74,729,0.9909632806645515
74,730,0.38114824320966795
74,731,0.5497742318684635
74,732,0.12080913133280097
74,733,0.03945204518486145
74,734,-0.8818337564777058
74,735,0.20632582507356895
74,736,-0.7661216935730698
74,737,0.776601801529563
75,738,-0.12314430098255465
75,739,0.631290547990013
75,740,0.8986625730622022
75,741,-0.8747651235873243
75,742,0.4848119783280314
75,743,0.1277850625194431
75,744,0.04266388504992093
75,745,-0.809291088184296
75,746,-0.23844264089473632
75,747,-0.20919680254806744
75,748,0.9315605278217406
75,749,-0.48724578580645744
75,750,-0.03118586393416935
75,751,0.2899188161497807
75,752,0.8042181260823211
75,753,-0.9986619464527003
75,754,-0.9854928275717802
75,755,0.8957120483557953
75,756,-0.01646105275958229
75,757,-0.06887827029614074
75,758,0.21534879630298445
75,759,-0.5679338048451328
75,760,-0.2927849379969759
75,761,0.5344957532501883
75,762,0.8068603094180988
75,763,-0.4918658850477156
75,764,0.6209524070671018
75,765,-0.3483593885988261
75,766,0.5987847493773872
75,767,-0.3164706511705956
75,768,-0.43061095218728174
75,769,-0.7336032324444044
75,770,-0.827248901199438
76,771,0.6840678774757132
76,772,0.06585930776246046
76,773,-0.07645034423717956
76,774,0.1477430378408746
76,775,0.5558488524734506
76,776,-0.6451431985683252
76,777,0.4694859081259886
76,778,0.625273140881201
76,779,-0.4163643701729799
76,780,0.4810777610981884
76,781,0.8546349209731258
76,782,-0.9208945580671967
76,783,0.5345139695104865
76,784,-0.2268253905820217
76,785,0.3059305778664219
76,786,-0.5035149676476796
76,787,-0.7859090580062991
76,788,0.38445095517109856
76,789,0.17971682700397149
76,790,-0.14581319732380205
76,791,0.8254474779148754
76,792,0.26176497695544165
76,793,0.06208251147518728
76,794,-0.355941699569015
76,795,-0.3347804908787842
76,796,0.758618932179631
76,797,0.7615599141916736
76,798,0.5244383020219936
76,799,0.21285220089905363
76,800,0.9064070563430282
76,801,0.5079698513018595
76,802,0.7536782897320574
76,803,-0.7063656066549624
77,804,-0.3252930395309365
77,805,0.4900207598308951
77,806,-0.6745225805040831
77,807,0.7875211085221738
77,808,0.8531653716500792
77,809,-0.7790844788624325
77,810,0.47730112013094916
77,811,-0.531428849868767
77,812,0.9606926529475538
77,813,-0.2561815037427761
77,814,0.2554908659114803
77,815,0.7609224093152097
77,816,0.738947685959001
78,817,-0.8545851859527703
78,818,-0.9818639105484913
78,819,0.04789872275586546
78,820,-1.00533213460473
78,821,-0.26950208266713577
78,822,0.11996577398822739
78,823,-0.6595728804663175
78,824,-0.3114152964346209
78,825,0.45857310592359213
78,826,-0.3283591606624348
78,827,0.02729201288325401
78,828,-0.6821871500455025
78,829,0.755692266954207
79,830,0.6093055533570051
79,831,-0.5453598107079947
79,832,0.6918883582351135
79,833,-0.5826007711651426
79,834,0.1376741612484385
79,835,-0.10776529434694442
79,836,-0.8852894147161227
79,837,0.15111048588311812
79,838,0.9724391349298043
79,839,-0.275525511656995
79,840,-0.28673699806208053
79,841,-0.9219924726444302
79,842,0.433212602123785
80,843,0.5485165387396508
80,844,-0.7162412293495746
80,845,0.7598710777945892
80,846,-0.5339553886343547
80,847,0.4939219890445219
80,848,-0.8544547180035408
80,849,0.10568913703404757
80,850,0.2251708945114812
80,851,0.15470748674227927
80,852,-0.29002532835607814
80,853,0.33244368476943853
80,854,-0.4576506132234834
80,855,-0.4662295289541891
81,856,-0.5659628684790474
81,857,0.7445532021865143
81,858,0.6861678294054899
81,859,0.45135730676225017
81,860,0.10382408629604054
81,861,-0.7344025290410359
81,862,-0.8214736422235116
81,863,0.28686571870334904
81,864,-0.05637416482733635
81,865,0.6722695573831984
81,866,-0.26733627473892235
81,867,0.26455553865603876
81,868,0.03215051728586915
82,869,0.1781942943006863
82,870,0.6294150478554384
82,871,0.4383787611766878
82,872,-0.09920072414860846
82,873,0.6769739417071969
82,874,-0.4008032675445789
82,875,0.3889001236927632
82,876,0.464310122682854
82,877,-0.4153682614790764
82,878,0.651804811527263
82,879,0.7417668305173526
82,880,0.7395342536945326
82,881,0.23346618262915197
83,882,0.1966669189190462
83,883,0.9775133271426099
83,884,-0.18173689830978992
83,885,0.7281096501727177
83,886,1.041344927205038
83,887,-0.22962365921107064
83,888,-0.09836898416875622
83,889,0.012205058504280159
83,890,-0.2604169583839462
83,891,-0.6416688472036901
83,892,-0.6210701185097617
83,893,0.5839787996148833
83,894,0.5158161242417467
84,895,-0.8047591496773839
84,896,-0.5736995426511382
84,897,0.3413914641256771
84,898,0.7527975115781455
84,899,0.3786054758875745
84,900,-0.8653934282768322
84,901,0.15814933786240798
84,902,-0.7330711660872953
84,903,0.03871751436616451
84,904,-0.7075704920500266
84,905,-0.8043680736435768
84,906,-0.3730711751716497
84,907,-0.46191485330084014
85,908,-0.45160405585329527
85,909,0.17682752040389388
85,910,0.40593579578838623
85,911,-0.3383361525197482
85,912,-0.52196835687171
85,913,0.7091811338833814
85,914,0.400980909773602
85,915,-0.3419752556237164
85,916,1.0226770623865036
85,917,-0.5283960789076654
85,918,0.8622428256417259
85,919,-0.9738468354656618
85,920,-0.2869274544475786
86,921,0.9811548127851818
86,922,0.7289106576248331
86,923,-0.9205229031005384
86,924,-0.284301533957063
86,925,0.48822961509031565
86,926,-0.79394355833292
86,927,0.7583277672213293
86,928,0.8848423171058468
86,929,0.7811319800060799
86,930,0.3437124033298134
86,931,0.6622775064582862
86,932,-0.4962757277911178
86,933,0.6965343175446788
87,934,-0.12936674841207055
87,935,0.44123398125196023
87,936,0.9258800848259912
87,937,-0.09420181145920438
87,938,0.1203198404345274
87,939,0.43018422020791564
87,940,0.9649545777256591
87,941,-0.06355668624037729
87,942,0.9336099672876464
87,943,0.3874316272288637
87,944,0.9124698188396905
87,945,0.11994983628669359
87,946,-0.057079031378249434
88,947,-0.5514790236885462
88,948,-0.9347215310514424
88,949,-0.32907476592346
88,950,-0.03986011535502527
88,951,-0.6687894434383247
88,952,0.48768085778074455
88,953,-0.0854213326501691
88,954,0.1984730654279826
88,955,-0.891497423598839
88,956,-0.42806164407005726
88,957,-0.6018981989295934
88,958,-0.5913197932961527
88,959,0.8498472684427658
109,960,0.838883748931644
109,961,-0.5278202855156005
109,962,0.8151017667219237
109,963,-0.7333518116666893
109,964,0.12885827127728985
109,965,-0.21529498035131103
109,966,0.3729875637384773
109,967,1.0169668434437615
109,968,0.1724027610576985
109,969,-0.02500958152790159
109,970,0.439032909441417
109,971,0.13660965214496792
109,972,0.8617452280449096
109,973,-0.7283731328830205
109,974,-0.8153324483674669
109,975,0.8980967665659388
109,976,0.19846659362989943
109,977,-0.5186655213516691
109,978,-1.1644779728053625
109,979,-1.218504835418774
109,980,0.18859336901011445
109,981,-0.3667763574246252
109,982,-0.5952122050598906
109,983,1.070231697026767
109,984,0.07425656893244344
109,985,0.9217955541889091
109,986,-0.03912677768528572
109,987,-0.6954133542690306
109,988,0.19257830923828725
109,989,-0.036189266177028334
109,990,-0.4342802885075042
109,991,0.5352607528816281
109,992,-0.7742509220151972
110,993,0.5758178763926299
110,994,-0.4792946657360532
110,995,-0.2587954408311307
110,996,0.9326392016653283
110,997,-0.1412262623420457
110,998,-0.6291857393620146
110,999,-0.4065605895116025
110,1000,-0.8091124061534483
110,1001,-0.6643303041021048
110,1002,-0.6647072310693468
110,1003,-0.9702098283420209
110,1004,0.9389711883499329
110,1005,-0.8094028721955105
110,1006,0.02375887265357411
110,1007,-0.4730420065846468
110,1008,0.597237921369647
110,1009,0.01073907631037854
110,1010,0.6531659556101804
110,1011,-0.47900301095012965
110,1012,-0.1564978866794226
110,1013,0.8975643165222964
110,1014,-0.6549008433970337
110,1015,-0.8844034583860408
110,1016,0.3513882266746414
110,1017,-0.37365174478014845
110,1018,-0.49508614487037983
110,1019,-0.6123838653220287
110,1020,0.3834461626000237
110,1021,-0.06025007383974874
110,1022,-0.16830248133722123
110,1023,-0.5602014633125468
110,1024,-0.3385636903869478
110,1025,0.3944126219700923
111,1026,0.15639159106022757
111,1027,1.030842984700384
111,1028,-0.3199818063356978
111,1029,1.1173838088803516
111,1030,-0.6436977918923378
111,1031,0.2911254282574743
111,1032,-0.63825273905227
111,1033,-0.6529677847711881
111,1034,0.5841853727983626
111,1035,-0.12351114621351598
111,1036,-0.054072351698558764
111,1037,-0.42180315425835857
111,1038,-0.11736536838563255
111,1039,0.5807233604676905
111,1040,0.291194023336077
111,1041,-0.41821307305464944
111,1042,-0.0032262874274927534
111,1043,0.9451612420477851
111,1044,-0.031156321752895347
111,1045,-1.903159279475766
111,1046,-0.49172497401515153
111,1047,0.5792073620453168
111,1048,0.7972467536288265
111,1049,-0.06613112801206
111,1050,-0.6357719740102654
111,1051,-0.3588140265639971
111,1052,0.27453916958416574
111,1053,-0.24798651130003344
111,1054,0.5308481586416411
111,1055,0.8291664621871622
111,1056,0.2585222032955181
111,1057,-0.7458105238169678
111,1058,-0.8911959531462694
112,1059,0.7579218195912125
112,1060,-0.8479172551792227
112,1061,0.7066522423101089
112,1062,0.5112191752791163
112,1063,0.022463599815069697
112,1064,0.25937511980107675
112,1065,0.8287839018868342
112,1066,-0.0643277053991178
112,1067,0.5362108113432911
112,1068,-0.9738480153281942
112,1069,-1.0845809457183657
112,1070,0.6184461520262428
112,1071,-0.9958137410265394
112,1072,-0.06534823593557369
112,1073,-0.35310992182272316
112,1074,-0.5197503564272417
112,1075,0.2800471070617948
112,1076,0.5572494393415272
112,1077,-0.7284641241462798
112,1078,0.9320916381394921
112,1079,-0.6087492860390147
112,1080,0.33897047074031966
112,1081,-0.8080502944435691
112,1082,0.7147907098108081
112,1083,0.8971716612904405
112,1084,-0.08118189120073288
112,1085,0.8943543033727124
112,1086,0.5858244024519764
112,1087,-0.3262991273511934
112,1088,-0.15580840650739744
112,1089,-0.6098719565278761
112,1090,0.8242600273500023
112,1091,0.8503590755970762
113,1092,0.7436068835522164
113,1093,0.9617271100652138
113,1094,0.8855467677110813
113,1095,-0.2797995802860377
113,1096,0.6615175261258505
113,1097,0.4728410986655904
113,1098,0.7507786720035956
113,1099,0.6481481342036097
113,1100,0.421846702729058
113,1101,0.047721915773290734
113,1102,0.08307016888969543
113,1103,-0.23214619268221134
113,1104,-0.7266153419194813
113,1105,0.4198154624630275
113,1106,0.6247209220337351
113,1107,-0.5943583005149751
113,1108,-0.6208760824223167
113,1109,-0.3902988940464772
113,1110,-0.5002069335469442
113,1111,0.18968666575230886
113,1112,0.02061229744236799
113,1113,-0.3354244164934412
113,1114,-0.7964618999413469
113,1115,-0.8556477229674536
113,1116,0.5651923282407051
113,1117,-0.6543647737037315
113,1118,0.46212435615885766
113,1119,0.5932984782747771
113,1120,0.7345485332588513
113,1121,1.0626755534331647
113,1122,-0.3480189000663305
113,1123,-0.21776012999671518
113,1124,-0.32463886438082357
114,1125,-0.31289605470187765
114,1126,-0.6473191858744809
114,1127,-0.7215210441353019
114,1128,0.045546322982120795
114,1129,-0.7710129694223686
114,1130,-0.5470646512276923
114,1131,-0.9896700390964867
114,1132,0.19082486256883285
114,1133,-0.24820083479073712
114,1134,-0.5107733671898624
114,1135,0.48825958952595516
114,1136,0.6099894598006912
114,1137,-0.16202603432560153
114,1138,0.8431364906896501
114,1139,-0.8729621881487395
114,1140,0.507846286104588
114,1141,0.5857257424166787
114,1142,-0.36487177930835785
114,1143,0.5379530958095833
114,1144,-0.07905424883994913
114,1145,0.40801796297121873
114,1146,-0.24795544605861974
114,1147,0.1379886555759
114,1148,-0.1977217570818001
114,1149,0.14432866120336368
114,1150,0.8100698186081415
114,1151,0.7652521726532712
114,1152,0.06481785357943913
114,1153,-0.2531513906779873
114,1154,-0.1589088888347931
114,1155,1.0117012473809979
114,1156,-0.665026454629838
114,1157,0.13496919336151647
115,1158,0.09247014152014565
115,1159,0.8874399678237797
115,1160,0.7492009625550733
115,1161,0.3445441147668422
115,1162,0.8070168630417484
115,1163,0.6262237969390823
115,1164,0.6318540043025379
115,1165,-0.27364252392975413
115,1166,0.30575255708537097
115,1167,-0.7464121898942468
115,1168,0.39457539097764277
115,1169,-0.19512614378180082
115,1170,0.40025577309476695
115,1171,0.3106067102371555
115,1172,0.6466200309296709
115,1173,-0.9153376409722173
115,1174,0.35273179271156996
115,1175,0.7958385328775421
115,1176,0.7491047093474047
115,1177,1.4360816030183665
115,1178,0.5679047539717051
115,1179,-0.7696202077803773
115,1180,-0.9485676431976595
115,1181,-0.7317699254965577
115,1182,-0.5562243353520164
115,1183,-0.8264786976011103
115,1184,-0.9273169264015995
115,1185,0.09503062963912723
115,1186,0.2174366187164666
115,1187,-0.017878609804444917
115,1188,-0.8740846126505669
115,1189,0.4009356311831007
115,1190,0.015852562731462072
116,1191,-0.3858640792862507
116,1192,-0.29453803968882747
116,1193,0.5811795298352119
116,1194,0.2606574624146572
116,1195,0.48947520570305647
116,1196,-0.17732004087378525
116,1197,0.225150995757008
116,1198,-0.634786396822646
116,1199,-0.24330509271289427
116,1200,0.04576455070846235
116,1201,0.5271501474737572
116,1202,-0.42890724885291825
116,1203,-0.3460957590277248
116,1204,0.17545005512080647
116,1205,-0.5845613177038441
116,1206,0.6944390872045524
116,1207,-0.8456948320020721
116,1208,0.8100477920051282
116,1209,0.5871317981489661
116,1210,-0.28120766551756204
116,1211,0.9640010201806473
116,1212,0.7922849902919546
116,1213,-0.36151504198094503
116,1214,-0.8353801178620308
116,1215,0.863369783149132
116,1216,0.3004492066619839
116,1217,-0.13576642036463793
116,1218,-0.5374704152018659
116,1219,0.7627797421326176
116,1220,0.7263882901943719
116,1221,-0.1937137399590412
116,1222,-0.2460411846133005
116,1223,0.3668639101571791
117,1224,0.07986146928797458
117,1225,-0.7200776142619414
117,1226,0.12542960228104433
117,1227,0.014435667573071072
117,1228,0.597733359746604
117,1229,0.5780438945667558
117,1230,0.9817489616953634
117,1231,-0.28852917121383403
117,1232,0.19782790633260997
117,1233,0.21985159492583853
117,1234,0.25728206140492865
117,1235,-0.42460513210873796
117,1236,0.8769707535821315
117,1237,0.46577741359836033
117,1238,-0.2740399657852599
117,1239,0.22795823342066404
117,1240,0.7860923271215907
117,1241,0.7328867012502238
117,1242,-0.6762305944465112
117,1243,0.356061461172679
117,1244,-0.8638708844634336
117,1245,-0.21987570919211988
117,1246,0.626974984780536
117,1247,-0.3968896795380791
117,1248,-0.56038479694799
117,1249,-0.04944770233691094
117,1250,1.0269327600210065
117,1251,-0.5187734716985737
117,1252,0.8067865512004904
117,1253,0.9974784132816826
117,1254,0.07976263555743589
117,1255,0.5322913682201718
117,1256,0.8896792698140337
118,1257,-0.5198543475129075
118,1258,-0.06090358137116235
118,1259,0.7989513273003441
118,1260,0.6256027802430446
118,1261,-0.19490595248762352
118,1262,-0.6813500427207588
118,1263,-0.5331309738800533
118,1264,-0.5699031812408756
118,1265,-0.642798093081114
118,1266,0.540646374386639
118,1267,-0.5096181311008036
118,1268,-0.35967857160481104
118,1269,-0.38835309485559644
118,1270,-0.13397216165367612
118,1271,-0.2227514433546128
118,1272,-0.052740459596791044
118,1273,-0.8882914406110799
118,1274,0.7593631881390129
118,1275,1.07147863576684
118,1276,1.5466485658721696
118,1277,0.3083281184441739
118,1278,-0.4671154987623731
118,1279,-0.16964617338807558
118,1280,0.11151506443478387
118,1281,0.01022643703384467
118,1282,0.33276752204341137
118,1283,-0.24899045231812095
118,1284,0.26516461378111617
118,1285,-0.9243827143385517
118,1286,0.8639350572774686
118,1287,-0.6418491361471064
118,1288,-0.6921426943534807
118,1289,0.2473328469118503
119,1290,-0.6527998123425268
119,1291,-0.5451666181094716
119,1292,0.10141369728085577
119,1293,0.00627068361358028
119,1294,-0.800312014618832
119,1295,-0.572096377314948
119,1296,-0.46941178542534423
119,1297,-0.10704714125871727
119,1298,-0.09536020403705686
119,1299,-0.900495697295162
119,1300,0.6050227154955415
119,1301,0.2699358647891182
119,1302,-0.8225228538091198
119,1303,0.6680214998387511
119,1304,0.2677615049474524
119,1305,0.3116154585929297
119,1306,-0.5149231478928091
119,1307,0.9133089210943524
119,1308,0.4675614130174073
119,1309,1.1734891219112027
119,1310,-0.38818746327331616
119,1311,-0.10479300398333759
119,1312,-0.411321492255441
119,1313,0.052144283587801266
119,1314,0.9199083451196024
119,1315,0.9597905129557142
119,1316,-0.7981240341272627
119,1317,0.2612756207834159
119,1318,0.5062640784286109
119,1319,-0.8241639139711588
119,1320,0.822774470915884
119,1321,-0.9069477216407023
119,1322,0.9277987575693305
120,1323,-0.3455839528263328
120,1324,-0.7308882774632991
120,1325,0.03551482678868597
120,1326,-0.1446558549721262
120,1327,-0.7836182524420123
120,1328,0.429626576152387
120,1329,-0.8551614450465131
120,1330,-0.5901526348296913
120,1331,-0.8432434781426389
120,1332,-0.46640976692918806
120,1333,-0.37254600008357686
120,1334,0.8167799105213643
120,1335,-0.4470012065003612
120,1336,-0.34725785545712035
120,1337,-0.343816774866618
120,1338,-0.13491951732638877
120,1339,-0.5575575210805941
120,1340,0.8705895173318965
120,1341,-0.09595821694828466
120,1342,-1.7102015463342708
120,1343,1.1013624615806412
120,1344,-0.9057192884723545
120,1345,0.6706295745778478
120,1346,0.16443052771750527
120,1347,0.8535105383949686
120,1348,-0.08932696467582779
120,1349,-0.262418157375877
120,1350,-0.4169192544450587
120,1351,0.036825296486951896
120,1352,0.45800353868558874
120,1353,0.39495458556259533
120,1354,0.062063272944876985
120,1355,-0.43108533129789395
121,1356,-1.1784371203573751
121,1357,-0.7090479425236628
121,1358,-1.490422196956692
121,1359,0.5204703389078295
121,1360,-0.10855061219440558
121,1361,0.45788115893990916
121,1362,1.2102815668646192
121,1363,-0.10021573740032458
121,1364,-0.0851007941371031
121,1365,1.1089021787753937
121,1366,0.7592673623343804
121,1367,-1.5878477367851966
121,1368,-0.8739620761637361
