3/1/2005,43.61,83.0705,58.66,42.32
4/1/2005,43.43,82.7928,58.51,42.28
5/1/2005,43.77,82.4955,58.14,41.95
6/1/2005,43.87,82.5721,58.16,42.07
7/1/2005,43.83,82.258,57.81,41.89
10/1/2005,44.02,82.3966,57.52,42.01
11/1/2005,43.82,82.4188,57.53,42.16
12/1/2005,43.73,82.0856,57.35,42.28
13/01/2005,43.69,82.6047,57.88,42.7
14/01/2005,43.85,82.1179,57.5,42.6
17/01/2005,43.72,81.8744,57.33,42.79
18/01/2005,43.74,81.2974,57.06,42.65
19/01/2005,43.74,81.6188,56.98,42.69
20/01/2005,43.78,81.9124,56.93,42.65
24/01/2005,43.75,82.1538,57.12,42.52
25/01/2005,43.81,82.2511,57.12,42.55
27/01/2005,43.75,82.3616,57.25,42.35
28/01/2005,43.78,82.591,57.08,42.42
31/01/2005,43.69,82.3819,56.9,42.21
1/2/2005,43.68,82.3302,57.01,42.12
2/2/2005,43.59,82.093,57.02,41.99
3/2/2005,43.36,81.6837,56.49,41.64
4/2/2005,43.47,81.791,56.4,41.63
7/2/2005,43.46,81.4766,55.81,41.66
8/2/2005,43.6,80.9761,55.68,41.46
9/2/2005,43.64,81.0569,55.76,41.38
10/2/2005,43.78,81.503,55.88,41.42
11/2/2005,43.79,81.7866,56.34,41.4
14/02/2005,43.72,82.0231,56.54,41.68
15/02/2005,43.76,82.6276,56.77,41.65
16/02/2005,43.82,82.8483,57.04,41.71
17/02/2005,43.74,82.4893,57.04,41.58
18/02/2005,43.84,82.9869,57.3,41.56
21/02/2005,43.82,82.9578,57.21,41.45
22/02/2005,43.72,83.3762,57.59,41.75
23/02/2005,43.72,83.444,57.9,41.75
24/02/2005,43.7,83.4779,57.87,41.72
25/02/2005,43.69,83.4457,57.66,41.46
28/02/2005,43.64,83.8739,57.94,41.71
1/3/2005,43.72,83.9184,57.72,41.84
2/3/2005,43.7,83.7816,57.54,41.76
3/3/2005,43.65,83.4326,57.33,41.62
4/3/2005,43.71,83.3681,57.29,41.45
7/3/2005,43.69,83.9525,57.79,41.65
9/3/2005,43.67,84.1892,58.25,41.72
10/3/2005,43.58,84.0353,58.52,41.9
11/3/2005,43.58,83.8632,58.52,41.85
14/03/2005,43.52,83.6955,58.46,41.61
15/03/2005,43.55,83.3765,58.16,41.54
16/03/2005,43.62,83.5083,58.09,41.81
17/03/2005,43.63,84.0161,58.53,41.88
18/03/2005,43.69,83.935,58.35,41.68
21/03/2005,43.67,83.6586,57.94,41.62
22/03/2005,43.77,82.9879,57.58,41.64
23/03/2005,43.74,82.5221,57.2,41.53
24/03/2005,43.83,82.041,56.95,41.26
28/03/2005,43.81,81.5545,56.52,40.94
29/03/2005,43.79,81.8326,56.6,40.84
30/03/2005,43.82,82.3465,56.78,40.85
31/03/2005,43.75,82.0881,56.58,40.84
4/4/2005,43.76,82.1135,56.37,40.56
5/4/2005,43.81,82.1525,56.19,40.31
6/4/2005,43.76,82.4132,56.36,40.54
7/4/2005,43.74,82.4412,56.51,40.35
8/4/2005,43.77,81.8105,56.13,40.26
11/4/2005,43.74,82.3909,56.54,40.37
12/4/2005,43.7,82.7525,56.79,40.64
13/04/2005,43.75,82.845,56.58,40.76
15/04/2005,43.83,82.339,56.1,40.45
19/04/2005,43.76,83.3628,57.01,40.81
20/04/2005,43.76,83.9098,57.16,40.92
21/04/2005,43.75,83.9431,57.28,40.96
25/04/2005,43.71,83.6609,56.99,41.29
26/04/2005,43.69,83.5069,56.81,41.28
27/04/2005,43.71,83.1058,56.47,41.13
28/04/2005,43.71,83.1998,56.5,41.28
29/04/2005,43.65,83.5657,56.6,41.47
2/5/2005,43.57,82.9442,56.01,41.39
3/5/2005,43.6,82.5217,55.98,41.43
4/5/2005,43.54,82.7391,56.39,41.6
5/5/2005,43.41,82.7047,56.27,41.58
6/5/2005,43.44,82.549,56.19,41.46
9/5/2005,43.51,82.1208,55.73,41.3
10/5/2005,43.45,81.6404,55.75,41.04
11/5/2005,43.37,81.631,55.83,41.01
12/5/2005,43.3,80.9927,55.35,40.79
13/05/2005,43.43,80.9448,55.05,40.64
16/05/2005,43.49,80.2173,54.75,40.37
17/05/2005,43.43,79.81,54.85,40.53
18/05/2005,43.56,79.86,54.98,40.5
19/05/2005,43.45,79.95,55.08,40.58
20/05/2005,43.5,79.87,54.96,40.43
24/05/2005,43.49,79.68,54.75,40.46
25/05/2005,43.51,79.57,54.72,40.49
26/05/2005,43.52,79.46,54.61,40.33
27/05/2005,43.52,79.34,54.52,40.37
30/05/2005,43.54,79.38,54.54,40.34
31/05/2005,43.69,79.3,54.13,40.34
1/6/2005,43.72,79.61,53.93,40.37
2/6/2005,43.76,79.35,53.5,40.37
3/6/2005,43.66,79.33,53.54,40.41
6/6/2005,43.6,79.16,53.37,40.57
7/6/2005,43.53,79.61,53.55,40.75
8/6/2005,43.53,79.89,53.62,40.73
9/6/2005,43.55,79.49,53.22,40.59
10/6/2005,43.56,79.26,53.21,40.53
13/06/2005,43.62,78.92,52.74,40.17
14/06/2005,43.65,78.79,52.9,39.91
15/06/2005,43.66,78.96,52.54,39.96
16/06/2005,43.61,79.42,52.69,39.9
17/06/2005,43.59,79.36,52.75,39.99
20/06/2005,43.54,79.5,53.22,40.05
21/06/2005,43.61,79.49,52.93,39.88
22/06/2005,43.5,79.58,53.01,40.11
23/06/2005,43.53,79.25,52.74,40.04
24/06/2005,43.56,79.12,52.42,39.96
27/06/2005,43.49,79.39,52.82,39.8
28/06/2005,43.56,79.42,52.87,39.69
29/06/2005,43.55,79.03,52.44,39.54
30/06/2005,43.51,78.75,52.68,39.51
1/7/2005,43.53,77.59,52.38,39.19
4/7/2005,43.56,76.72,51.95,39.03
5/7/2005,43.57,76.45,51.84,38.95
6/7/2005,43.57,76.67,52.05,39.08
7/7/2005,43.64,76.43,52.01,38.88
8/7/2005,43.63,75.99,52.02,38.85
11/7/2005,43.56,75.92,52.35,36.91
12/7/2005,43.53,76.8,52.9,39.1
13/07/2005,43.52,77.22,53.16,39.15
14/07/2005,43.53,76.67,52.54,38.93
15/07/2005,43.52,76.69,52.78,38.83
18/07/2005,43.54,76.39,52.56,38.86
19/07/2005,43.56,75.91,52.34,38.81
20/07/2005,43.54,75.62,52.53,38.48
21/07/2005,43.51,75.82,52.84,38.61
22/07/2005,43.39,76.14,52.85,39.11
25/07/2005,43.5,75.56,52.43,38.95
26/07/2005,43.52,75.91,52.42,38.94
29/07/2005,43.49,76.34,52.73,38.82
1/8/2005,43.45,76.48,52.87,38.7
2/8/2005,43.46,76.93,53.08,38.94
3/8/2005,43.51,77.06,53.04,38.98
4/8/2005,43.51,77.35,53.66,39.23
5/8/2005,43.5,77.31,53.8,38.98
8/8/2005,43.55,77.29,53.7,38.75
9/8/2005,43.55,77.86,53.99,38.97
10/8/2005,43.53,77.92,53.9,39.16
11/8/2005,43.58,78.33,54.03,39.49
12/8/2005,43.6,78.98,54.33,39.71
16/08/2005,43.54,78.74,53.8,39.83
17/08/2005,43.54,78.55,53.58,39.64
18/08/2005,43.56,78.62,53.47,39.56
19/08/2005,43.58,78.08,53.01,39.45
22/08/2005,43.59,78.35,53.06,39.56
23/08/2005,43.67,78.59,53.38,39.72
24/08/2005,43.72,78.4,53.23,39.54
25/08/2005,43.76,79.04,53.86,39.85
26/08/2005,43.73,78.86,53.82,39.72
29/08/2005,43.78,79.09,53.99,39.69
30/08/2005,44.02,78.94,53.79,39.68
31/08/2005,44.04,78.58,53.8,39.54
1/9/2005,44.12,79.53,54.38,39.81
2/9/2005,43.95,80.61,54.93,40.01
5/9/2005,43.74,80.75,54.94,40.04
6/9/2005,43.86,80.69,54.78,40.09
8/9/2005,43.86,80.57,54.53,39.77
9/9/2005,43.81,80.57,54.48,39.64
12/9/2005,43.82,80.34,54.05,39.96
13/09/2005,43.88,79.89,53.92,39.69
14/09/2005,43.92,80.21,53.97,39.72
15/09/2005,43.94,79.86,53.7,39.74
16/09/2005,43.87,79.44,53.91,39.67
19/09/2005,43.9,78.96,53.15,39.32
20/09/2005,43.91,79.28,53.48,39.48
21/09/2005,43.92,79.34,53.57,39.36
22/09/2005,43.9,79.43,53.62,39.38
23/09/2005,43.93,78.61,53.35,39.33
26/09/2005,43.95,78.01,52.87,39.11
27/09/2005,43.98,77.73,52.8,38.96
28/09/2005,44.08,78.04,53.04,39.03
29/09/2005,43.99,77.78,53.09,38.95
3/10/2005,44.09,77.53,52.75,38.71
4/10/2005,44.13,77.43,52.58,38.62
5/10/2005,44.31,78.07,52.92,38.89
6/10/2005,44.26,78.49,53.41,38.89
7/10/2005,44.32,78.63,53.95,39.06
10/10/2005,44.62,78.61,54.15,39.25
11/10/2005,44.94,78.59,53.99,39.33
13/10/2005,44.89,78.46,53.83,39.15
14/10/2005,44.89,78.78,53.95,39.17
17/10/2005,44.82,79.17,54.15,39.22
18/10/2005,45.11,78.96,54.1,39.1
19/10/2005,45.32,79.12,53.86,39.08
20/10/2005,45.2,79.56,54.09,39.08
21/10/2005,45.09,80.08,54.31,39.09
24/10/2005,45.14,79.73,53.94,39.05
25/10/2005,45.12,79.57,53.91,39.01
26/10/2005,44.94,80.24,54.52,39.08
27/10/2005,45.06,80.2,54.48,39.01
28/10/2005,45.09,80.46,54.82,39.11
31/10/2005,45.11,80.09,54.43,39.01
2/11/2005,45.18,79.81,54.36,38.69
3/11/2005,45.27,80.32,54.62,38.74
4/11/2005,45.41,80.24,54.19,38.56
7/11/2005,45.67,79.92,53.91,38.74
8/11/2005,45.99,79.91,53.91,39
9/11/2005,45.8,79.79,53.87,39.02
10/11/2005,45.81,79.8,53.9,38.9
11/11/2005,45.77,79.74,53.51,38.9
14/11/2005,45.67,79.68,53.71,38.72
16/11/2005,45.82,79.43,53.66,38.41
17/11/2005,45.77,78.61,53.43,38.49
18/11/2005,45.74,78.53,53.6,38.4
21/11/2005,45.78,78.62,53.92,38.36
22/11/2005,45.85,78.71,53.78,38.49
23/11/2005,45.74,78.89,54.15,38.57
24/11/2005,45.72,78.69,53.99,38.46
25/11/2005,45.78,78.84,53.88,38.4
28/11/2005,45.94,78.67,53.74,38.35
29/11/2005,45.92,79.16,54.29,38.53
30/11/2005,45.94,79.07,54.16,38.5
1/12/2005,45.99,79.55,54.21,38.38
2/12/2005,46.12,79.79,54.08,38.25
5/12/2005,46.28,80.15,54.18,38.18
6/12/2005,46.18,80.43,54.43,38.19
7/12/2005,46.17,80.21,54.35,38.13
8/12/2005,46.33,80.31,54.26,38.39
9/12/2005,46.22,80.91,54.56,38.33
12/12/2005,46.2,81.31,54.68,38.23
13/12/2005,46.06,81.67,55.08,38.41
14/12/2005,45.84,81.28,55.01,38.56
15/12/2005,45.5,80.59,54.49,38.82
16/12/2005,45.38,80.11,54.29,39.2
19/12/2005,45.24,80.15,54.37,38.86
20/12/2005,45.03,79.3,53.99,38.64
21/12/2005,45.37,79.71,53.86,38.73
22/12/2005,45.32,79.04,53.64,38.57
23/12/2005,45.16,78.52,53.62,38.73
26/12/2005,45.12,78.16,53.43,38.73
27/12/2005,45.2,78.21,53.5,38.55
28/12/2005,45.26,78.35,53.69,38.6
29/12/2005,45.16,77.77,53.5,38.35
30/12/2005,45.07,77.89,53.55,38.44
2/1/2006,45.05,77.51,53.28,38.32
3/1/2006,44.95,77.72,53.46,38.34
4/1/2006,44.85,78.46,54.09,38.76
5/1/2006,44.67,78.36,54.05,38.43
6/1/2006,44.66,78.33,53.98,38.47
9/1/2006,44.28,78.42,53.77,38.87
10/1/2006,44.38,78.35,53.49,38.74
12/1/2006,44.15,77.98,53.63,38.75
13/01/2006,44.26,77.95,53.35,38.63
16/01/2006,44.17,78.42,53.63,38.62
17/01/2006,44.31,78.3,53.73,38.53
18/01/2006,44.51,78.4,53.77,38.48
19/01/2006,44.36,78.17,53.7,38.52
20/01/2006,44.36,77.88,53.56,38.38
23/01/2006,44.15,78.6,54.06,38.48
24/01/2006,44.21,78.96,54.36,38.57
25/01/2006,44.29,79.01,54.38,38.53
27/01/2006,44.15,78.57,53.91,37.92
30/01/2006,44.14,78.03,53.43,37.61
31/01/2006,44.07,77.95,53.32,37.5
1/2/2006,44.15,78.56,53.68,37.68
2/2/2006,44.31,78.48,53.37,37.39
3/2/2006,44.23,78.69,53.48,37.34
6/2/2006,44.2,77.8,53.13,37.23
7/2/2006,44.27,77.43,53.01,37.23
8/2/2006,44.2,77.15,52.96,37.51
10/2/2006,44.21,77.24,53.01,37.52
13/02/2006,44.26,77.14,52.68,37.54
14/02/2006,44.22,77.07,52.7,37.73
15/02/2006,44.27,76.82,52.74,37.63
16/02/2006,44.3,77.05,52.66,37.62
17/02/2006,44.46,77.18,52.86,37.64
20/02/2006,44.43,77.49,53.17,37.58
21/02/2006,44.4,77.42,52.95,37.46
22/02/2006,44.51,77.69,53.07,37.53
23/02/2006,44.56,77.76,53.07,37.92
24/02/2006,44.45,77.87,52.99,38.1
27/02/2006,44.42,77.45,52.7,38.24
28/02/2006,44.44,77.3,52.7,38.24
1/3/2006,44.35,77.78,52.94,38.31
2/3/2006,44.34,77.59,52.88,38.15
3/3/2006,44.36,77.72,53.32,38.1
6/3/2006,44.32,77.9,53.5,37.88
7/3/2006,44.33,77.39,53.04,37.72
8/3/2006,44.42,77.15,52.85,37.74
9/3/2006,44.55,77.37,53.11,37.83
10/3/2006,44.5,77.23,52.98,37.57
13/03/2006,44.53,76.93,53.16,37.46
14/03/2006,44.47,77.14,53.21,37.53
16/03/2006,44.41,77.48,53.51,37.69
17/03/2006,44.42,78.01,54.05,38.06
20/03/2006,44.44,78,54.08,38.22
21/03/2006,44.38,77.83,53.84,38.06
22/03/2006,44.47,77.69,53.76,37.95
23/03/2006,44.55,77.69,53.73,38
24/03/2006,44.66,77.47,53.47,37.86
27/03/2006,44.66,78.01,53.79,38.27
28/03/2006,44.66,78,53.64,38.19
29/03/2006,44.69,77.9,53.63,37.91
31/03/2006,44.61,77.8,54.2,38.01
3/4/2006,44.61,77.15,53.77,37.62
4/4/2006,44.61,77.56,54.17,37.92
5/4/2006,44.69,78.59,54.83,38.24
7/4/2006,44.63,78.2,54.48,37.91
10/4/2006,44.74,77.95,54.14,37.84
12/4/2006,44.93,78.6,54.58,38.03
13/04/2006,45.3,78.45,54.88,38.27
17/04/2006,45.15,79.39,54.98,38.18
18/04/2006,45.15,79.97,55.34,38.34
19/04/2006,45.14,80.46,55.78,38.6
20/04/2006,45.15,80.74,55.72,38.37
21/04/2006,45.09,80.15,55.4,38.33
24/04/2006,45.06,80.5,55.7,38.99
25/04/2006,44.83,80.09,55.5,39.1
26/04/2006,45.03,80.4,55.92,39.13
27/04/2006,45.06,80.42,56.07,39.29
28/04/2006,44.97,81.04,56.41,39.39
2/5/2006,44.9,81.88,56.47,39.46
3/5/2006,44.86,82.84,56.77,39.71
4/5/2006,44.97,82.51,56.69,39.42
5/5/2006,44.88,83.07,56.94,39.47
8/5/2006,44.88,83.46,57.13,40.17
9/5/2006,44.96,83.42,57,40.22
10/5/2006,44.93,83.82,57.35,40.49
11/5/2006,45.07,83.67,57.45,40.54
12/5/2006,45.05,84.96,57.98,40.92
15/05/2006,45.39,85.88,58.55,41.34
16/05/2006,45.61,85.76,58.39,41.39
17/05/2006,45.34,85.68,58.33,41.36
18/05/2006,45.48,85.55,57.58,41.06
19/05/2006,45.46,85.94,58.32,40.99
22/05/2006,45.68,85.33,58.12,40.56
23/05/2006,45.52,85.79,58.46,40.95
24/05/2006,45.73,85.81,58.48,40.69
25/05/2006,45.85,85.68,58.59,40.69
26/05/2006,45.85,85.82,58.62,40.93
29/05/2006,45.97,85.51,58.58,40.93
30/05/2006,46.19,86.51,59.32,41.31
31/05/2006,46.43,87.43,59.8,41.54
1/6/2006,46.22,86.07,59.03,40.99
2/6/2006,46.17,86.06,59.14,40.95
5/6/2006,45.82,86.37,59.36,41.04
6/6/2006,45.92,86.09,59.31,40.91
7/6/2006,45.93,85.32,58.75,40.52
8/6/2006,46.06,85.27,58.88,40.46
9/6/2006,45.92,84.62,58.03,40.32
12/6/2006,45.88,84.61,58.01,40.21
13/06/2006,46.04,84.73,57.92,40.15
14/06/2006,45.98,84.54,57.82,39.98
15/06/2006,45.91,84.72,57.92,39.93
16/06/2006,45.92,85.11,58.08,40.06
19/06/2006,45.89,84.65,57.78,39.7
20/06/2006,45.91,84.63,57.74,39.93
21/06/2006,45.92,84.76,57.95,40.02
22/06/2006,46.01,84.93,58.3,40.07
23/06/2006,46.2,84.57,58.12,39.86
26/06/2006,46.34,84.27,57.96,39.81
27/06/2006,46.36,84.49,58.38,39.89
28/06/2006,46.4,84.5,58.32,39.91
29/06/2006,46.34,84.21,58.14,39.76
30/06/2006,46.08,84.45,58.54,40.16
3/7/2006,45.98,84.95,58.76,40.16
4/7/2006,46.01,84.92,58.98,40.2
5/7/2006,46.03,84.96,58.96,40.22
6/7/2006,46.15,84.78,58.8,39.99
7/7/2006,46.12,84.71,58.96,40.05
10/7/2006,46.06,85.22,58.97,40.53
11/7/2006,46.21,85.06,58.8,40.47
12/7/2006,46.21,85.35,58.99,40.4
13/07/2006,46.29,84.9,58.83,40.11
14/07/2006,46.43,85.25,58.76,40.01
17/07/2006,46.44,85.31,58.69,39.91
18/07/2006,46.73,85.04,58.53,39.96
19/07/2006,46.95,85.75,58.69,39.99
20/07/2006,46.84,86.38,59,40.14
21/07/2006,46.83,86.61,59.17,40.07
24/07/2006,46.93,86.89,59.29,40.24
25/07/2006,46.81,86.76,59.3,40.13
26/07/2006,46.85,86.26,58.89,40.04
27/07/2006,46.64,86.56,59.33,40.15
28/07/2006,46.56,86.54,59.1,40.35
31/07/2006,46.51,86.65,59.31,40.66
1/8/2006,46.65,87,59.39,40.69
2/8/2006,46.56,87.36,59.67,40.69
3/8/2006,46.72,87.67,59.61,40.72
4/8/2006,46.54,87.76,59.55,40.43
7/8/2006,46.49,88.67,59.88,40.57
8/8/2006,46.59,88.77,59.74,40.42
9/8/2006,46.53,88.6,59.67,40.34
10/8/2006,46.43,88.54,59.84,40.34
11/8/2006,46.52,87.97,59.34,40.19
14/08/2006,46.56,88.13,59.36,40
16/08/2006,46.55,88.13,59.54,40.1
17/08/2006,46.46,88.15,59.72,40.2
18/08/2006,46.48,87.61,59.66,40.09
21/08/2006,46.45,87.56,59.78,40.06
22/08/2006,46.52,88.11,59.9,40.08
23/08/2006,46.56,87.9,59.56,40.01
24/08/2006,46.5,87.87,59.39,39.93
25/08/2006,46.61,87.79,59.44,39.77
28/08/2006,46.56,88.06,59.55,39.73
29/08/2006,46.52,88.31,59.66,39.81
30/08/2006,46.51,88.35,59.66,39.79
31/08/2006,46.55,88.72,59.71,39.66
1/9/2006,46.53,88.57,59.61,39.67
4/9/2006,46.44,88.52,59.68,39.87
5/9/2006,46.22,87.94,59.33,39.88
6/9/2006,46.21,87.53,59.24,39.76
7/9/2006,46.1,86.82,59.08,39.51
8/9/2006,46.2,86.56,58.72,39.77
11/9/2006,46.27,86.37,58.72,39.54
12/9/2006,46.34,86.52,58.9,39.39
13/09/2006,46.22,86.61,58.65,39.25
14/09/2006,46.15,86.65,58.54,39.24
15/09/2006,46.13,87.08,58.69,39.25
18/09/2006,46.12,87.87,58.44,39.09
19/09/2006,46.11,86.72,58.57,39.06
20/09/2006,46.05,86.67,58.36,39.29
21/09/2006,45.88,86.81,58.28,39.17
22/09/2006,45.94,87.41,58.78,39.45
25/09/2006,45.86,87.44,58.77,39.46
26/09/2006,45.97,87.32,58.63,39.51
27/09/2006,45.92,86.97,58.21,39.23
28/09/2006,45.92,86.53,58.38,39.04
29/09/2006,45.96,86.09,58.33,38.97
3/10/2006,45.84,86.57,58.51,38.97
4/10/2006,45.69,86.1,58.15,38.7
5/10/2006,45.71,86.22,58.1,38.84
6/10/2006,45.61,85.54,57.85,38.63
9/10/2006,45.72,85.53,57.62,38.36
10/10/2006,45.74,85.49,57.65,38.45
11/10/2006,45.76,84.82,57.38,38.24
12/10/2006,45.6,84.73,57.17,38.17
13/10/2006,45.49,84.64,57.15,38.11
16/10/2006,45.46,84.58,56.85,38.08
17/10/2006,45.36,84.46,56.83,38.08
18/10/2006,45.26,84.72,56.8,38.22
19/10/2006,45.32,84.7,56.83,38.14
20/10/2006,45.31,85.01,57.18,38.29
23/10/2006,45.4,85.33,57.18,38.19
26/10/2006,45.3,85.2,57.22,38.12
27/10/2006,45.22,85.49,57.34,38.18
30/10/2006,45.09,85.54,57.32,38.38
31/10/2006,45.02,85.56,57.24,38.32
1/11/2006,44.93,85.71,57.34,38.41
2/11/2006,44.93,85.69,57.32,38.34
3/11/2006,44.84,85.55,57.28,38.29
6/11/2006,44.86,85.24,56.99,37.98
7/11/2006,44.83,85.36,57.21,38.07
8/11/2006,44.68,85.17,57.07,37.98
9/11/2006,44.65,85.03,56.98,37.88
10/11/2006,44.45,84.83,57.12,37.82
13/11/2006,44.9,85.91,57.78,38.25
14/11/2006,45.16,85.99,57.92,38.4
15/11/2006,45.34,85.82,58.05,38.45
16/11/2006,45.17,85.24,57.89,38.26
17/11/2006,45.01,84.91,57.48,38.02
20/11/2006,44.86,84.97,57.59,38.04
21/11/2006,44.99,85.34,57.63,38.08
22/11/2006,44.75,85.14,57.55,38.07
23/11/2006,44.7,85.57,57.82,38.35
24/11/2006,44.87,85.99,58.15,38.57
27/11/2006,44.64,86.51,58.62,38.5
28/11/2006,44.74,86.68,58.71,38.52
29/11/2006,44.65,87.23,58.96,38.59
30/11/2006,44.76,87.21,58.93,38.53
1/12/2006,44.67,88.18,59.26,38.55
4/12/2006,44.59,88.24,59.4,38.58
5/12/2006,44.56,88.1,59.41,38.64
6/12/2006,44.51,87.82,59.36,38.86
7/12/2006,44.66,87.92,59.44,38.86
8/12/2006,44.69,87.68,59.37,38.77
11/12/2006,44.76,87.32,58.95,38.36
12/12/2006,44.82,87.89,59.39,38.33
13/12/2006,44.83,88.3,59.52,38.31
14/12/2006,44.74,87.98,59.14,38.08
15/12/2006,44.66,87.56,58.7,37.88
18/12/2006,44.79,87.66,58.7,37.98
19/12/2006,44.83,87.39,58.69,38
20/12/2006,44.74,88.3,59.21,37.88
21/12/2006,44.73,87.98,59.02,37.79
22/12/2006,44.59,87.54,58.83,37.69
26/12/2006,44.54,87.25,58.45,37.45
27/12/2006,44.39,87.1,58.41,37.41
28/12/2006,44.36,86.84,58.22,37.37
29/12/2006,44.23,86.91,58.26,37.21
2/1/2007,44.2,86.88,58.53,37.25
3/1/2007,44.33,87.49,58.88,37.32
4/1/2007,44.42,86.61,58.46,37.2
5/1/2007,44.3,85.83,57.92,37.42
8/1/2007,44.42,85.79,57.8,37.57
9/1/2007,44.47,86.4,57.99,37.39
10/1/2007,44.53,86.24,57.8,37.35
11/1/2007,44.56,86.16,57.76,37.17
12/1/2007,44.61,86.8,57.54,36.97
15/01/2007,44.31,86.82,57.29,36.83
16/01/2007,44.32,86.11,57.38,36.83
17/01/2007,44.27,86.87,57.27,36.69
18/01/2007,44.25,87.3,57.36,36.58
19/01/2007,44.34,87.61,57.61,36.56
22/01/2007,44.21,87.3,57.34,36.43
23/01/2007,44.21,87.48,57.23,36.33
24/01/2007,44.23,87.56,57.61,36.41
25/01/2007,44.24,86.95,57.33,36.77
29/01/2007,44.27,86.71,57.13,36.34
31/01/2007,44.17,86.66,57.25,36.41
2/2/2007,44.11,86.79,57.44,36.55
5/2/2007,44.11,86.58,57.04,36.52
6/2/2007,44.13,86.46,56.99,36.65
7/2/2007,44.09,86.84,57.21,36.61
8/2/2007,44.12,87.01,57.45,36.52
9/2/2007,44.06,86.34,57.46,36.3
12/2/2007,44.18,86.36,57.54,36.27
13/02/2007,44.17,86.1,57.26,36.36
14/02/2007,44.16,86,57.56,36.41
15/02/2007,44.09,86.59,57.92,36.71
19/02/2007,44.07,86.17,57.97,36.92
20/02/2007,44.2,86.28,58.22,36.89
21/02/2007,44.19,86.32,58.07,36.71
22/02/2007,44.25,86.41,58.1,36.56
23/02/2007,44.28,86.64,58.1,36.46
26/02/2007,44.17,86.69,58.22,36.51
27/02/2007,44.2,86.72,58.23,36.78
28/02/2007,44.31,86.96,58.58,37.45
1/3/2007,44.27,86.87,58.53,37.43
2/3/2007,44.28,86.62,58.32,37.64
5/3/2007,44.49,85.71,58.53,38.46
6/3/2007,44.56,85.79,58.4,38.3
7/3/2007,44.5,85.86,58.39,38.23
8/3/2007,44.44,85.89,58.54,38.06
9/3/2007,44.27,85.54,58.23,37.74
12/3/2007,44.22,85.51,58.03,37.4
13/03/2007,44.22,85.27,58.24,37.68
14/03/2007,44.31,85.47,58.47,38.17
15/03/2007,44.22,85.51,58.47,37.72
16/03/2007,44.17,85.58,58.67,37.71
20/03/2007,43.98,85.59,58.49,37.37
21/03/2007,43.63,85.58,58.08,37.2
22/03/2007,43.66,85.91,58.44,37.17
23/03/2007,43.7,85.9,58.25,37
26/03/2007,43.39,85.16,57.6,36.77
28/03/2007,43.14,84.71,57.58,36.75
29/03/2007,43.47,85.36,57.89,37.06
30/03/2007,43.59,85.53,58.14,37
3/4/2007,43.13,85.36,57.64,36.48
4/4/2007,42.9,84.69,57.21,36.09
5/4/2007,43.15,85.22,57.63,36.36
9/4/2007,42.88,84.22,57.27,35.95
10/4/2007,42.86,84.4,57.53,36
11/4/2007,42.87,84.79,57.56,35.98
12/4/2007,42.86,84.75,57.71,35.9
13/04/2007,42.74,84.9,57.79,36.01
16/04/2007,42.3,84.11,57.33,35.42
17/04/2007,41.73,83.11,56.5,34.97
18/04/2007,41.89,84.17,56.93,35.24
19/04/2007,42.15,84.38,57.22,35.77
20/04/2007,41.99,84.22,57.22,35.36
23/04/2007,41.67,83.41,56.61,35.21
24/04/2007,41.64,83.11,56.46,35.15
25/04/2007,40.97,82.18,56.91,34.62
26/04/2007,40.78,81.79,55.66,34.32
27/04/2007,41.07,81.69,55.84,34.34
30/04/2007,41.29,82.3,56.2,34.58
3/5/2007,41.18,82.02,56.07,34.3
4/5/2007,40.9,81.29,55.47,34.01
7/5/2007,40.57,80.97,55.19,33.82
8/5/2007,40.78,81.34,55.53,34.01
9/5/2007,40.91,81.46,55.42,34.13
10/5/2007,41,81.8,55.58,34.16
11/5/2007,41.34,81.81,55.74,34.49
14/05/2007,40.93,81.2,55.42,34.03
15/05/2007,40.87,80.99,55.39,33.98
16/05/2007,40.84,81.13,55.56,33.97
17/05/2007,40.84,80.73,55.23,33.78
18/05/2007,40.9,80.78,55.18,33.73
21/05/2007,40.6,80.13,54.87,33.48
22/05/2007,40.64,80.17,54.74,33.5
23/05/2007,40.55,80.08,54.58,33.33
24/05/2007,40.57,80.64,54.57,33.38
25/05/2007,40.6,80.65,54.55,33.46
28/05/2007,40.53,80.41,54.52,33.32
29/05/2007,40.45,80.3,54.37,33.33
30/05/2007,40.64,80.44,54.65,33.43
31/05/2007,40.73,80.43,54.74,33.49
1/6/2007,40.54,80.21,54.51,33.24
4/6/2007,40.47,80.28,54.43,33.17
5/6/2007,40.56,80.81,54.74,33.27
6/6/2007,40.55,80.89,54.89,33.39
7/6/2007,40.63,81.01,54.89,33.49
8/6/2007,40.98,80.98,54.99,33.85
11/6/2007,40.91,80.46,54.6,33.64
12/6/2007,40.73,80.43,54.44,33.47
13/06/2007,40.93,80.76,54.46,33.49
14/06/2007,40.84,80.47,54.32,33.25
15/06/2007,40.97,80.73,54.56,33.3
18/06/2007,40.76,80.67,54.58,32.99
19/06/2007,40.7,80.8,54.65,32.94
20/06/2007,40.82,81.18,54.79,33.12
21/06/2007,40.75,81.17,54.59,32.97
22/06/2007,40.71,81.24,54.63,32.84
25/06/2007,40.81,81.57,54.91,32.96
26/06/2007,40.95,81.8,55.09,33.23
27/06/2007,41.01,81.74,55.04,33.46
28/06/2007,40.84,81.81,55.03,33.19
29/06/2007,40.75,81.63,54.79,33.04
2/7/2007,40.66,81.7,55.05,33.07
3/7/2007,40.58,81.89,55.29,33.08
4/7/2007,40.49,81.77,55.18,33.1
5/7/2007,40.46,81.55,55.09,32.95
6/7/2007,40.46,81.29,54.96,32.83
9/7/2007,40.41,81.23,55,32.69
10/7/2007,40.41,81.37,54.98,32.74
11/7/2007,40.38,81.88,55.52,33.3
12/7/2007,40.38,82.04,55.56,33.03
13/07/2007,40.47,82.08,55.74,33.05
16/07/2007,40.37,82.18,55.67,33.13
17/07/2007,40.36,82.23,55.65,33.13
18/07/2007,40.4,82.93,55.81,33.2
19/07/2007,40.39,82.93,55.75,33.13
20/07/2007,40.33,82.63,55.65,33.01
23/07/2007,40.34,83.08,55.8,33.34
24/07/2007,40.24,83.04,55.6,33.38
25/07/2007,40.3,82.97,55.64,33.57
26/07/2007,40.27,82.53,55.23,33.43
27/07/2007,40.48,82.59,55.55,33.14
30/07/2007,40.54,82.02,55.31,34.17
31/07/2007,40.44,82.03,55.42,34
1/8/2007,40.55,82.06,55.35,34.4
2/8/2007,40.43,82.11,55.26,34.01
3/8/2007,40.36,82.18,55.31,33.87
6/8/2007,40.45,82.7,55.94,34.39
7/8/2007,40.37,81.97,55.73,33.99
8/8/2007,40.58,81.85,55.7,34.09
9/8/2007,40.4,82.32,55.77,33.78
10/8/2007,40.67,82.12,55.6,34.44
13/08/2007,40.56,82.03,55.55,34.28
14/08/2007,40.69,81.87,55.42,34.51
16/08/2007,41.09,81.46,55.16,35.46
17/08/2007,41.57,82.14,55.74,36.92
21/08/2007,41.06,81.41,55.34,35.8
22/08/2007,41.01,81.39,55.3,35.77
23/08/2007,40.86,81.62,55.38,35.25
24/08/2007,41.18,82.41,55.85,35.53
27/08/2007,40.98,82.67,56.02,35.27
28/08/2007,41.12,82.43,56.03,35.59
29/08/2007,41.24,82.55,56.06,36.04
30/08/2007,41.04,82.76,56.07,35.55
31/08/2007,40.96,82.55,55.96,35.23
3/9/2007,40.88,82.58,55.79,35.22
4/9/2007,40.91,82.57,55.72,35.32
5/9/2007,40.94,82.26,55.59,35.38
6/9/2007,40.85,82.54,55.76,35.39
7/9/2007,40.71,82.26,55.66,35.36
10/9/2007,40.63,82.42,55.96,35.9
11/9/2007,40.58,82.22,55.97,35.7
12/9/2007,40.49,82.38,56.14,35.54
13/09/2007,40.44,82.01,56.2,35.38
14/09/2007,40.45,81.72,56.09,35.15
17/09/2007,40.47,81.07,56.17,35.09
18/09/2007,40.59,80.74,56.15,35.35
19/09/2007,40.26,81.15,56.28,34.76
20/09/2007,39.91,79.88,55.88,34.46
21/09/2007,39.87,80.11,56.19,34.74
24/09/2007,39.82,80.85,56.22,34.64
25/09/2007,39.81,80.03,56.02,34.72
26/09/2007,39.7,80.1,56.09,34.56
27/09/2007,39.75,80.33,56.24,34.38
28/09/2007,39.74,80.34,56.3,34.48
1/10/2007,39.73,81.37,56.63,34.51
3/10/2007,39.79,81.23,56.41,34.35
4/10/2007,39.56,80.3,55.76,33.94
5/10/2007,39.49,80.41,55.76,33.88
8/10/2007,39.43,80.44,55.66,33.66
9/10/2007,39.55,80.44,55.49,33.72
10/10/2007,39.34,80.17,55.51,33.53
11/10/2007,39.31,80.12,55.76,33.51
12/10/2007,39.33,79.74,55.74,33.54
15/10/2007,39.31,79.95,55.71,33.41
16/10/2007,39.31,80.19,55.86,33.48
17/10/2007,39.68,80.53,56.23,34.1
18/10/2007,39.47,80.59,56.18,33.86
19/10/2007,39.79,81.41,56.87,34.6
22/10/2007,39.79,81.62,56.98,34.84
23/10/2007,39.69,80.9,56.42,34.61
24/10/2007,39.57,81.01,56.35,34.56
25/10/2007,39.54,80.94,56.42,34.67
26/10/2007,39.51,81.16,56.76,34.54
29/10/2007,39.38,80.96,56.81,34.49
30/10/2007,39.4,81.12,56.69,34.42
31/10/2007,39.32,81.35,56.75,34.28
1/11/2007,39.32,81.82,56.9,34.08
2/11/2007,39.37,81.82,56.83,34.37
5/11/2007,39.32,82.08,56.96,34.28
6/11/2007,39.29,81.91,56.96,34.27
7/11/2007,39.27,82.24,57.48,34.43
8/11/2007,39.34,82.66,57.57,34.88
12/11/2007,39.33,81.75,57.54,35.68
13/11/2007,39.39,81.31,57.44,35.77
14/11/2007,39.33,81.7,57.67,35.35
15/11/2007,39.28,80.87,57.68,35.3
16/11/2007,39.35,80.52,57.56,35.71
19/11/2007,39.29,80.72,57.67,35.56
20/11/2007,39.34,80.72,57.71,35.63
21/11/2007,39.39,81.49,58.49,36.18
22/11/2007,39.41,81.37,58.56,36.22
23/11/2007,39.57,81.95,59.04,36.74
26/11/2007,39.68,81.95,58.79,36.58
27/11/2007,39.85,82.61,59.21,36.75
28/11/2007,39.68,82.11,58.81,36.55
29/11/2007,39.77,82.45,58.94,36.16
30/11/2007,39.67,81.78,58.46,35.94
3/12/2007,39.56,81.39,58.04,35.78
4/12/2007,39.43,81.35,57.83,35.78
5/12/2007,39.45,81.12,58.2,35.75
6/12/2007,39.47,80.09,57.65,35.57
7/12/2007,39.41,79.81,57.58,35.42
10/12/2007,39.38,80.07,57.66,35.29
11/12/2007,39.36,80.58,57.96,35.2
12/12/2007,39.36,80.31,57.79,35.44
13/12/2007,39.37,80.49,57.92,35.22
14/12/2007,39.35,80.36,57.62,35
17/12/2007,39.37,79.47,56.83,34.82
18/12/2007,39.57,79.91,56.99,34.97
19/12/2007,39.55,79.62,57.02,34.92
20/12/2007,39.57,78.93,56.85,34.96
24/12/2007,39.49,78.33,56.78,34.61
26/12/2007,39.39,78.02,56.77,34.5
27/12/2007,39.43,78.4,57.22,34.52
28/12/2007,39.44,78.73,57.69,34.93
31/12/2007,39.41,78.74,58.12,35.21
1/1/2008,39.42,78.26,57.51,35.29
2/1/2008,39.43,78.34,57.76,35.38
3/1/2008,39.45,78.14,58.04,36
4/1/2008,39.32,77.53,57.91,35.93
7/1/2008,39.28,77.33,57.8,36.05
8/1/2008,39.27,77.44,57.73,35.87
9/1/2008,39.29,77.52,57.85,35.84
10/1/2008,39.29,76.92,57.71,35.84
11/1/2008,39.29,77.02,58.16,36.02
14/01/2008,39.29,77.05,58.39,36.22
15/01/2008,39.27,76.88,58.4,36.43
16/01/2008,39.27,77.01,58.29,37.01
17/01/2008,39.29,77.17,57.6,36.6
18/01/2008,39.27,77.33,57.51,36.64
21/01/2008,39.38,76.9,57.27,36.92
22/01/2008,39.73,77.01,57.34,37.48
23/01/2008,39.56,77.45,57.89,37.18
24/01/2008,39.43,77.06,57.65,37
25/01/2008,39.4,77.95,58.14,36.65
28/01/2008,39.47,77.98,57.92,37.22
29/01/2008,39.4,78.28,58.23,36.91
30/01/2008,39.43,78.45,58.26,36.94
31/01/2008,39.39,78.4,58.73,37.01
1/2/2008,39.36,78.29,58.48,37.02
4/2/2008,39.38,77.48,58.38,36.88
5/2/2008,39.43,77.74,58.41,36.9
6/2/2008,39.6,77.85,58.04,37.22
7/2/2008,39.48,77.44,57.75,37.05
8/2/2008,39.55,76.85,57.27,36.83
11/2/2008,39.73,77.34,57.8,37.07
12/2/2008,39.65,77.41,57.62,37.07
13/02/2008,39.68,77.67,57.81,37.05
14/02/2008,39.65,77.84,57.78,36.66
15/02/2008,39.66,78.16,58.09,36.69
18/02/2008,39.66,77.79,58.22,36.78
19/02/2008,39.87,77.79,58.59,36.98
20/02/2008,40.15,78.26,59.06,37.23
21/02/2008,40.07,77.98,59.02,37.05
22/02/2008,39.98,78.57,59.2,37.19
25/02/2008,40.05,78.75,59.39,37.32
26/02/2008,39.91,78.44,59.13,36.99
27/02/2008,39.73,78.96,59.6,37.1
28/02/2008,39.81,78.94,60.12,37.47
29/02/2008,39.92,79.31,60.63,38.1
3/3/2008,40.26,79.88,61.26,39.13
4/3/2008,40.29,79.98,61.2,38.94
5/3/2008,40.29,79.97,61.23,38.94
7/3/2008,40.53,81.54,62.4,39.48
10/3/2008,40.67,82.03,62.54,39.86
11/3/2008,40.47,81.27,62.11,39.64
12/3/2008,40.36,81.27,61.86,39.2
13/03/2008,40.44,82.06,62.9,40.42
14/03/2008,40.45,82.25,63.2,40.32
17/03/2008,40.77,82.1,64.48,41.9
18/03/2008,40.62,81.29,64.09,41.78
19/03/2008,40.45,81.2,63.48,40.72
24/03/2008,40.34,79.81,62.01,40.36
25/03/2008,40.12,79.95,62.41,40.05
26/03/2008,40.14,80.41,62.59,40.06
27/03/2008,40.15,80.54,63.41,40.54
28/03/2008,40.1,80.4,63.31,40.21
31/03/2008,39.97,79.53,63.09,40.08
2/4/2008,39.98,79.09,62.25,39.17
3/4/2008,39.95,79.41,62.49,38.84
4/4/2008,39.97,79.78,62.6,39
7/4/2008,39.93,79.34,62.55,38.95
8/4/2008,40.02,79.44,62.94,39.1
9/4/2008,40.02,78.77,62.97,39.12
10/4/2008,39.95,78.91,63.24,39.58
11/4/2008,39.94,78.81,63.05,39.18
15/04/2008,39.96,78.71,63.22,39.51
16/04/2008,39.96,78.66,63.31,39.32
21/04/2008,39.89,79.65,63.06,38.36
22/04/2008,39.94,79.03,63.39,38.78
23/04/2008,39.95,79.46,63.8,38.8
24/04/2008,40.04,79.11,63.44,38.61
25/04/2008,40.18,79.25,62.9,38.47
28/04/2008,40.14,79.66,62.92,38.4
29/04/2008,40.22,79.94,62.83,38.59
30/04/2008,40.46,79.5,63.09,38.99
2/5/2008,40.65,80.35,62.78,38.8
5/5/2008,40.55,80.2,62.74,38.54
6/5/2008,40.69,80.25,63.08,38.77
7/5/2008,41.2,81.01,63.76,39.21
8/5/2008,41.79,81.6,64.01,40
9/5/2008,41.38,80.76,63.89,40.07
12/5/2008,41.68,81.23,64.13,40.3
13/05/2008,42.16,82.28,65.54,40.65
14/05/2008,42.33,82.31,65.46,40.36
15/05/2008,42.4,82.57,65.84,40.51
16/05/2008,42.64,83,66,40.74
20/05/2008,42.67,83.41,66.39,41.05
21/05/2008,42.72,83.96,66.9,41.36
22/05/2008,43.15,85.08,68.1,41.82
23/05/2008,42.84,84.78,67.32,41.13
26/05/2008,42.56,84.32,67.08,41.22
27/05/2008,42.89,84.84,67.61,41.3
28/05/2008,42.85,84.74,67.36,41.22
29/05/2008,42.77,84.33,66.65,40.71
30/05/2008,42.59,84.16,65.99,40.42
2/6/2008,42.24,83.26,65.58,40.09
3/6/2008,42.53,83.44,66.18,40.86
4/6/2008,42.63,83.4,65.8,40.53
5/6/2008,42.86,83.58,66.17,40.62
6/6/2008,42.79,83.77,66.71,40.33
9/6/2008,42.89,84.47,67.66,40.75
10/6/2008,42.89,84.35,66.86,40.18
11/6/2008,42.89,83.8,66.45,39.83
12/6/2008,42.81,83.75,66.1,39.82
13/06/2008,42.87,83.41,66.11,39.71
16/06/2008,42.9,83.76,65.99,39.59
17/06/2008,42.92,84.48,66.66,39.79
18/06/2008,42.9,83.74,66.46,39.7
19/06/2008,42.93,84.17,66.82,39.88
20/06/2008,42.97,84.75,66.72,39.82
23/06/2008,42.97,84.72,66.99,40
24/06/2008,42.94,84.52,66.73,39.73
25/06/2008,42.82,84.27,66.62,39.67
26/06/2008,42.73,84.38,66.97,39.53
27/06/2008,42.79,85.04,67.34,40.05
30/06/2008,42.95,85.62,67.81,40.65
1/7/2008,43.27,86.28,68.24,40.98
2/7/2008,43.34,86.53,68.54,40.86
3/7/2008,43.3,86.13,68.72,40.83
4/7/2008,43.21,85.72,67.92,40.44
7/7/2008,43.12,85.08,67.41,40.18
8/7/2008,43.37,85.51,68.08,40.62
9/7/2008,43.13,85.02,67.77,40.21
10/7/2008,43.16,85.51,67.95,40.4
11/7/2008,42.72,84.42,67.38,39.83
14/07/2008,42.82,84.89,68.07,40.22
15/07/2008,43.17,86.26,68.78,40.76
16/07/2008,43.17,86.46,68.68,41.34
17/07/2008,42.94,85.78,68.01,40.79
18/07/2008,42.78,85.51,67.9,40.33
21/07/2008,42.71,85.11,67.73,40.01
22/07/2008,42.71,85.51,68.02,40.09
23/07/2008,42.33,84.32,66.75,39.36
24/07/2008,41.96,83.78,65.82,38.9
25/07/2008,42.23,83.88,66.41,39.58
28/07/2008,42.3,84.03,66.42,39.26
29/07/2008,42.54,84.86,66.95,39.58
30/07/2008,42.47,84,66.14,39.28
31/07/2008,42.49,84.21,66.33,39.42
1/8/2008,42.37,84.01,65.96,39.4
4/8/2008,42.4,83.57,66.02,39.36
5/8/2008,42.28,82.79,65.69,39.13
6/8/2008,42,82.14,65.09,38.74
7/8/2008,41.89,81.73,64.81,38.27
8/8/2008,42.2,81.48,64.27,38.47
11/8/2008,42,80.47,62.82,38.15
12/8/2008,42.4,80.54,62.96,38.49
13/08/2008,42.67,80.92,63.71,39.24
14/08/2008,42.82,80.01,63.83,39.14
18/08/2008,43.23,80.89,63.8,39.26
20/08/2008,43.72,81.45,64.47,39.75
21/08/2008,43.58,81.43,64.52,40.05
22/08/2008,43.38,81.34,64.55,39.84
25/08/2008,43.58,80.31,64.16,39.6
26/08/2008,44.07,81.26,64.71,40.2
27/08/2008,43.73,80.57,64.29,40.05
28/08/2008,43.73,80.31,64.61,40.12
29/08/2008,43.79,80.05,64.56,40.14
1/9/2008,44.21,79.76,64.72,40.76
2/9/2008,44.26,79.19,64.42,40.96
4/9/2008,44.45,79.08,64.46,41.16
5/9/2008,44.37,78.09,63.41,41.56
8/9/2008,44.26,79,63.53,40.77
9/9/2008,44.89,78.86,63.33,41.73
10/9/2008,45.12,79.6,63.83,42.02
11/9/2008,45.44,79.62,63.48,42.3
12/9/2008,45.77,80.67,64.2,42.62
15/09/2008,45.94,82.84,65.95,43.42
16/09/2008,46.63,83.76,66.49,44.75
17/09/2008,46.34,82.96,65.82,43.69
18/09/2008,46.71,85.12,66.98,44.66
19/09/2008,46.32,83.57,65.9,43.34
22/09/2008,45.4,83.15,65.74,42.62
23/09/2008,45.72,84.81,67.6,43.39
24/09/2008,45.83,84.9,67.26,43.28
25/09/2008,46.25,85.92,68.11,43.75
26/09/2008,46.43,85.38,67.95,43.85
29/09/2008,46.94,85.57,67.79,44.19
1/10/2008,46.96,83.91,66.36,44.36
3/10/2008,46.88,82.97,64.99,44.49
6/10/2008,47.46,83.37,64.46,45.97
7/10/2008,48.01,84.16,65.2,46.71
8/10/2008,48.74,85.19,66.12,48.61
10/10/2008,48.72,82.17,65.9,49.26
13/10/2008,48.14,82.73,65.63,47.96
14/10/2008,47.71,83.3,65.12,46.58
15/10/2008,48.43,84.54,65.91,47.64
16/10/2008,48.86,84.22,65.51,48.86
17/10/2008,48.68,84.37,65.7,48.01
20/10/2008,48.83,85.12,65.86,47.81
22/10/2008,49.29,80.4,63.35,49.53
23/10/2008,49.79,81.27,63.91,50.81
24/10/2008,49.95,79.56,63.65,52.56
27/10/2008,50.09,78.61,62.76,53.72
29/10/2008,49.77,79.78,63.36,51.33
31/10/2008,49.25,80.36,62.84,50.42
3/11/2008,48.96,80.26,63.08,49.16
4/11/2008,48.62,76.71,61.3,49.17
5/11/2008,47.18,75.05,60.89,47.31
6/11/2008,47.67,75.47,61.19,48.71
7/11/2008,47.76,74.87,60.81,49
10/11/2008,47.32,74.2,60.73,47.82
11/11/2008,47.59,74.55,60.57,48.57
12/11/2008,48.79,75.41,61.48,49.92
14/11/2008,49.46,73.17,62.96,50.87
17/11/2008,48.99,72.14,61.57,50.53
18/11/2008,49.68,74.64,62.58,51.39
19/11/2008,49.74,74.37,62.78,51.47
20/11/2008,50.52,75.54,63.12,53.12
21/11/2008,50.03,74.42,62.71,52.66
24/11/2008,50.09,74.9,63.4,52.53
25/11/2008,49.97,75.45,64.21,51.87
26/11/2008,49.85,76.6,64.68,52.49
28/11/2008,49.84,76.81,64.38,52.27
1/12/2008,50.09,76.6828,63.48,52.58
2/12/2008,50.52,75.0828,63.72,54.3
3/12/2008,49.9,74.3011,63.42,53.49
4/12/2008,49.79,73.378,63.08,53.53
5/12/2008,49.69,72.9698,63.46,53.81
8/12/2008,49.22,73.0376,63.14,52.99
10/12/2008,49.12,72.592,63.52,53.02
11/12/2008,48.52,72.6247,63.76,52.55
12/12/2008,48.71,72.858,64.7,54.41
15/12/2008,47.94,72.0778,64.7,52.69
16/12/2008,47.82,73.0809,65.56,52.92
17/12/2008,47.33,73.9271,66.69,52.64
18/12/2008,47.28,73.4329,68.22,53.68
19/12/2008,47.08,71.1708,66.98,52.78
22/12/2008,47.39,70.6585,66.33,52.7
23/12/2008,48.49,71.8985,67.86,53.69
24/12/2008,48.99,72.4979,68.44,54.21
26/12/2008,47.89,70.8413,67.37,52.98
29/12/2008,48.76,71.687,69.17,53.88
30/12/2008,48.5,70.0243,67.95,53.67
31/12/2008,48.45,70.0103,68.22,53.68
1/1/2009,48.73,71.2189,68.09,53.74
2/1/2009,48.89,71.6434,67.81,53.67
5/1/2009,48.37,70.1752,67.32,52.61
6/1/2009,48.68,71.0874,65.79,52.3
7/1/2009,48.61,72.5164,65.72,51.9
9/1/2009,48.92,74.422,66.84,53.66
12/1/2009,48.6,73.2232,65.1,53.89
13/01/2009,48.91,72.108,64.9,54.73
14/01/2009,48.7,71.046,64.71,54.3
15/01/2009,49.08,71.7574,64.74,54.2
16/01/2009,48.77,72.5478,64.71,53.97
19/01/2009,48.56,72.2816,64.82,53.48
20/01/2009,48.99,69.6687,63.69,54.2
21/01/2009,49.12,68.3578,63.61,54.65
22/01/2009,48.93,68.069,63.7,54.76
23/01/2009,49.19,67.6067,63.6,55.58
27/01/2009,48.85,68.6855,64.51,54.6
28/01/2009,48.87,69.7204,64.76,54.82
29/01/2009,48.9,69.103,64.1,54.37
30/01/2009,49.02,69.8363,63.25,54.83
2/2/2009,49.01,70.5401,62.38,54.69
3/2/2009,48.8,69.2277,62.67,54.54
4/2/2009,48.65,70.2798,63.46,54.32
5/2/2009,48.82,70.479,62.69,54.57
6/2/2009,48.73,71.2676,62.29,53.58
9/2/2009,48.6,71.5392,62.64,53.36
10/2/2009,48.7,72.1929,62.54,53.3
11/2/2009,48.82,70.4766,63.07,54.28
12/2/2009,48.72,69.9912,62.88,54.1
13/02/2009,48.72,70.0594,62.94,53.51
16/02/2009,48.72,69.1678,62.1,53.09
17/02/2009,49.16,69.8367,62.18,53.19
18/02/2009,49.85,71.0662,62.88,53.96
19/02/2009,49.85,71.116,62.75,53.34
24/02/2009,49.89,72.6673,63.49,52.38
25/02/2009,49.82,72.3934,63.9,51.31
26/02/2009,50.41,71.625,64.03,51.51
27/02/2009,50.73,72.5236,64.57,51.84
2/3/2009,51.75,73.7256,65.19,53.1
3/3/2009,51.66,72.9284,65.38,52.95
4/3/2009,51.93,72.7825,64.92,52.69
5/3/2009,52.06,73.5998,65.53,52.33
6/3/2009,51.51,73.2343,65.04,52.6
9/3/2009,51.8,73.0717,65.42,52.71
12/3/2009,51.7,71.6019,66.19,53.66
13/03/2009,51.67,71.9091,66.73,52.78
16/03/2009,51.58,72.3564,66.59,52.52
17/03/2009,51.25,72.283,66.64,51.93
18/03/2009,51.35,72.1724,66.99,52.12
19/03/2009,50.77,72.1213,68.28,53.15
20/03/2009,50.14,72.4222,68.39,52.95
23/03/2009,50.52,73.5647,69.11,52.5
24/03/2009,50.31,74.0664,68.73,51.23
25/03/2009,50.83,74.6006,68.51,52.1
26/03/2009,50.54,73.7758,68.64,51.68
30/03/2009,51.08,72.48,67.52,52.78
31/03/2009,50.95,72.861,67.48,51.87
2/4/2009,50.3,73.3399,66.9,50.95
6/4/2009,50,74.605,67.74,49.58
8/4/2009,50.53,74.0795,66.6,50.66
9/4/2009,49.91,73.7071,66.34,49.84
13/04/2009,49.86,73.2094,65.78,49.65
15/04/2009,49.88,74.0942,65.98,50.73
16/04/2009,49.49,74.2969,65.35,50.02
17/04/2009,49.71,73.6479,65.1,49.94
20/04/2009,49.95,73.434,64.88,50.48
21/04/2009,50.36,73.2058,65.08,51.3
22/04/2009,50.2,73.5907,64.96,51.02
23/04/2009,50.22,73.1505,65.47,51.21
24/04/2009,49.94,73.272,65.76,51.59
27/04/2009,49.98,72.8558,65.72,51.69
28/04/2009,50.44,73.4457,65.68,52.63
29/04/2009,50.22,73.8786,66.29,51.85
4/5/2009,49.68,74.1847,66.11,49.95
5/5/2009,49.65,74.4402,66.31,50.18
6/5/2009,49.5,74.4653,65.81,50.45
7/5/2009,49.46,74.7835,65.63,50.1
8/5/2009,49.25,74.0794,66.08,49.61
11/5/2009,49.23,74.9601,67.14,49.99
12/5/2009,49.59,74.9107,67.5,50.99
13/05/2009,49.34,75.468,67.53,51.08
14/05/2009,49.83,75.4875,67.61,52.09
15/05/2009,49.55,75.2962,67.38,51.87
18/05/2009,48.17,72.927,64.81,50.73
19/05/2009,47.49,72.8782,64.43,49.25
20/05/2009,47.71,73.8312,64.86,49.88
21/05/2009,47.4,74.8091,65.36,50.05
22/05/2009,47.19,74.933,65.75,50.05
25/05/2009,47.22,75.1695,66.18,49.66
26/05/2009,47.63,75.7579,66.54,50.29
27/05/2009,47.67,76.0718,66.42,50.03
28/05/2009,47.83,76.2649,66.16,49.49
29/05/2009,47.29,75.8579,66.18,48.89
1/6/2009,46.99,76.159,66.48,49.34
2/6/2009,47.14,77.2672,66.58,48.92
3/6/2009,46.84,77.7614,66.9,48.81
4/6/2009,47.16,76.8048,66.97,49.04
5/6/2009,47.08,75.7093,66.86,48.68
8/6/2009,47.38,75.2015,66.07,48.12
9/6/2009,47.59,76.539,66.18,48.54
10/6/2009,47.27,77.4708,66.71,48.46
11/6/2009,47.42,77.8399,66.58,48.42
12/6/2009,47.41,78.601,66.81,48.36
15/06/2009,47.94,78.2836,66.6,48.66
16/06/2009,47.76,77.9085,66.13,49.65
17/06/2009,47.91,78.9174,66.61,49.53
18/06/2009,48.06,78.7992,67.1,50.15
19/06/2009,48.13,78.6637,67.03,49.69
22/06/2009,48.39,79.5653,67.09,50.34
23/06/2009,48.91,79.6181,67.75,51.46
24/06/2009,48.53,80.0454,68.49,50.83
25/06/2009,48.53,79.6474,67.79,50.4
26/06/2009,48.51,79.7019,68.13,50.6
29/06/2009,48.2,79.289,67.45,50.54
30/06/2009,47.87,80.0841,67.69,50.01
1/7/2009,48.09,78.9445,67.51,49.73
2/7/2009,47.79,78.5763,67.47,49.47
3/7/2009,47.99,78.814,67.25,49.96
6/7/2009,48.22,78.3744,67.35,50.54
7/7/2009,48.52,78.5854,67.6,51
8/7/2009,48.92,78.546,67.83,51.94
9/7/2009,48.92,78.8737,68.16,52.49
10/7/2009,48.69,79.4085,68,52.44
13/07/2009,49.4,79.5933,68.75,53.56
14/07/2009,48.84,79.5555,68.42,52.41
15/07/2009,48.72,79.8764,68.37,52.15
16/07/2009,48.74,79.8386,68.59,51.86
17/07/2009,48.69,79.6909,68.69,51.94
20/07/2009,48.43,79.4809,68.59,51.1
21/07/2009,48.27,79.5683,68.54,51.33
22/07/2009,48.37,79.1382,68.7,51.69
23/07/2009,48.44,80.0205,69.07,51.38
24/07/2009,48.38,79.9528,68.63,51.08
27/07/2009,48.21,79.5224,68.72,50.84
28/07/2009,48.21,79.7418,68.82,50.67
29/07/2009,48.47,79.3187,68.45,51.47
30/07/2009,48.49,79.6885,68.2,51
31/07/2009,48.16,79.7506,68.08,50.57
3/8/2009,47.87,80.0506,68.19,50.6
4/8/2009,47.54,80.6825,68.49,50
5/8/2009,47.67,80.7005,68.59,50.18
6/8/2009,47.58,80.9145,68.58,49.99
7/8/2009,47.86,80.1846,68.69,50.17
10/8/2009,47.81,79.7256,67.83,49.16
11/8/2009,47.94,79.0363,67.84,49.49
12/8/2009,48.35,79.5744,68.33,50.6
13/08/2009,48.14,79.8041,68.64,50.03
14/08/2009,48.27,79.993,68.89,50.63
17/08/2009,48.68,79.8133,68.77,51.5
18/08/2009,48.74,79.9019,68.86,51.3
20/08/2009,48.7,80.6886,69.35,51.58
21/08/2009,48.74,80.17,69.34,52.03
24/08/2009,48.5,79.9086,69.45,51.12
25/08/2009,48.79,80.001,69.73,51.91
26/08/2009,48.83,79.7614,69.87,51.86
27/08/2009,48.98,79.3941,69.77,52.25
28/08/2009,48.87,79.5408,70.11,52.13
31/08/2009,48.88,79.2052,69.7,52.7
1/9/2009,48.73,79.5883,69.99,52.36
2/9/2009,49.06,79.3325,69.78,52.81
3/9/2009,48.88,79.7208,69.81,52.92
4/9/2009,48.89,79.8471,69.76,52.78
7/9/2009,48.75,79.9793,69.9,52.3
8/9/2009,48.65,79.6595,69.93,52.54
9/9/2009,48.47,80.1912,70.29,52.42
10/9/2009,48.37,80.0233,70.52,52.51
11/9/2009,48.51,81.1281,70.87,53.2
14/09/2009,48.7,80.7056,70.73,53.75
15/09/2009,48.57,80.8496,71.06,53.36
16/09/2009,48.36,79.6852,71.02,53.4
17/09/2009,47.97,79.3064,70.76,52.73
18/09/2009,48.18,78.8153,70.92,52.89
22/09/2009,48.17,78.3991,70.95,52.63
23/09/2009,47.96,78.5729,70.99,52.81
24/09/2009,48.1,78.6868,70.88,52.96
25/09/2009,47.98,76.8448,70.53,52.96
29/09/2009,48.04,76.4316,70.24,53.35
1/10/2009,47.86,76.387,69.71,53.16
5/10/2009,47.53,76.1288,69.63,52.94
6/10/2009,47.16,75.3711,69.48,52.97
7/10/2009,46.82,74.3876,68.9,52.89
8/10/2009,46.28,73.9832,68.28,52.37
9/10/2009,46.5,74.4698,68.48,52.17
12/10/2009,46.58,73.636,68.48,51.62
14/10/2009,46.16,73.7452,68.7,51.83
15/10/2009,45.91,73.8876,68.62,51.31
16/10/2009,46.27,75.4317,68.97,50.89
20/10/2009,46.04,75.6322,68.95,51.06
21/10/2009,46.44,76.1523,69.36,51.2
22/10/2009,46.66,77.3996,69.89,51.06
23/10/2009,46.45,77.2649,69.69,50.57
26/10/2009,46.58,75.8975,70.01,50.7
27/10/2009,46.83,76.5483,69.8,50.9
28/10/2009,47.15,77.095,69.86,51.64
29/10/2009,47.52,77.8686,69.97,52.57
30/10/2009,46.96,77.6648,69.65,51.63
3/11/2009,47.04,77.0703,69.61,52.13
4/11/2009,47.13,77.3969,69.41,52.14
5/11/2009,47.13,77.847,69.98,52.09
6/11/2009,46.82,77.7329,69.64,51.7
9/11/2009,46.58,77.8585,69.58,51.73
10/11/2009,46.53,77.4585,69.69,51.8
11/11/2009,46.57,77.9279,69.72,51.89
12/11/2009,46.5,76.9924,69.71,51.77
13/11/2009,46.5,77.1644,69.13,51.53
16/11/2009,46.09,77.0256,68.99,51.46
17/11/2009,46.25,77.7578,69.1,51.91
18/11/2009,46.26,77.77,68.89,51.87
19/11/2009,46.41,77.5766,69.26,52.11
20/11/2009,46.58,77.565,69.54,52.49
23/11/2009,46.49,76.9363,69.43,52.35
24/11/2009,46.6,77.1952,69.57,52.5
25/11/2009,46.34,77.0449,69.5,52.45
26/11/2009,46.27,77.2107,69.88,53.33
27/11/2009,46.81,76.7286,69.83,54.38
30/11/2009,46.48,76.9105,69.99,53.89
1/12/2009,46.45,76.2454,69.68,53.13
2/12/2009,46.27,76.7619,69.8,53.18
3/12/2009,46.22,77.1227,69.75,52.6
4/12/2009,46.25,76.4906,69.63,52.44
7/12/2009,46.44,76.6632,69.16,51.63
8/12/2009,46.67,76.5178,69.2,52.42
9/12/2009,46.77,75.8235,68.77,52.98
10/12/2009,46.72,75.906,68.73,53.2
11/12/2009,46.52,75.9183,68.55,52.33
14/12/2009,46.66,75.9975,68.46,52.68
15/12/2009,46.64,75.9323,68.26,52.46
16/12/2009,46.68,75.967,67.95,52.2
17/12/2009,46.78,75.9824,67.35,51.92
18/12/2009,46.85,75.7846,67.36,52.28
21/12/2009,46.8,75.5797,67.12,51.76
22/12/2009,46.8,75.1772,66.88,51.26
23/12/2009,46.85,74.7164,66.77,51.08
24/12/2009,46.76,74.7833,67.13,51.21
29/12/2009,46.69,74.7507,67.11,50.89
30/12/2009,46.73,74.2797,67.02,50.79
31/12/2009,46.68,75.0334,67.07,50.51
1/1/2010,46.65,75.2465,66.83,50.11
4/1/2010,46.51,74.8532,66.48,50.07
5/1/2010,46.2,74.5298,66.78,50.35
6/1/2010,46.12,73.7182,66.2,50.14
7/1/2010,45.87,73.2636,65.94,49.76
8/1/2010,45.8,73.067,65.56,49.07
11/1/2010,45.36,72.9389,65.79,49.15
12/1/2010,45.4,73.1621,65.86,49.26
13/01/2010,45.68,74.029,66.21,50.14
14/01/2010,45.48,74.0142,66.1,49.6
15/01/2010,45.67,74.586,65.88,50.16
18/01/2010,45.66,74.3619,65.64,50.26
19/01/2010,45.62,74.8442,65.67,50.4
20/01/2010,45.95,74.8755,65.2,50.36
21/01/2010,45.97,74.8001,64.8,50.2
22/01/2010,46.17,74.9524,65.27,51.24
25/01/2010,46.18,74.5253,65.41,51.22
27/01/2010,46.29,74.7121,65.12,51.83
28/01/2010,46.31,74.9921,64.88,51.35
29/01/2010,46.37,74.7832,64.63,51.59
1/2/2010,46.34,73.9077,64.32,51.37
2/2/2010,46.25,73.7757,64.39,50.96
3/2/2010,46.04,73.7906,64.33,50.88
4/2/2010,46.09,73.2209,63.96,50.65
5/2/2010,46.56,73.2086,63.85,51.89
8/2/2010,46.81,72.9019,63.8,52.39
9/2/2010,46.68,72.9398,63.94,52.2
10/2/2010,46.56,72.9875,64.07,51.94
11/2/2010,46.46,72.6541,64.02,51.66
15/02/2010,46.38,72.5708,63,51.46
16/02/2010,46.18,72.4841,62.98,51.41
17/02/2010,46.02,72.6012,63.36,50.94
18/02/2010,46.22,72.3643,62.76,50.86
19/02/2010,46.47,71.5034,62.56,50.55
22/02/2010,46.16,71.4211,62.92,50.34
23/02/2010,46.13,71.5891,62.84,50.63
24/02/2010,46.25,71.4724,62.63,51.27
25/02/2010,46.36,71.0467,62.42,51.82
26/02/2010,46.23,70.6579,62.81,51.73
2/3/2010,46.02,68.7217,62.31,51.51
3/3/2010,45.9,68.9418,62.58,51.65
4/3/2010,45.82,68.9866,62.61,51.9
5/3/2010,45.78,68.8348,62.15,51.25
8/3/2010,45.43,68.8424,62.12,50.24
9/3/2010,45.54,68.4239,62.01,50.59
10/3/2010,45.41,68.006,61.75,50.42
11/3/2010,45.47,68.0891,62.02,50.31
12/3/2010,45.45,68.4886,62.27,50.14
15/03/2010,45.58,69.0993,62.59,50.31
17/03/2010,45.41,69.0981,62.55,50.13
18/03/2010,45.49,69.577,62.22,50.46
19/03/2010,45.48,69.0932,61.89,50.28
22/03/2010,45.49,68.028,61.45,50.28
23/03/2010,45.56,68.6771,61.6,50.43
25/03/2010,45.63,67.8906,60.71,49.57
26/03/2010,45.34,67.4296,60.52,49.01
29/03/2010,45.08,67.4059,60.61,48.68
30/03/2010,44.94,67.6369,60.76,48.58
31/03/2010,45.14,68.0328,60.56,48.44
5/4/2010,44.73,68.1685,60.29,47.3
6/4/2010,44.45,67.6596,59.67,47.28
7/4/2010,44.42,67.756,59.39,47.28
8/4/2010,44.69,67.8506,59.49,47.95
9/4/2010,44.35,67.8444,59.3,47.35
12/4/2010,44.35,67.5008,60.5,47.57
13/04/2010,44.62,68.6055,60.63,48.06
15/04/2010,44.38,68.8178,60.53,47.57
16/04/2010,44.49,68.5457,60.16,48.03
19/04/2010,44.6,68.0306,60.05,48.49
20/04/2010,44.61,68.2332,60.01,48.17
21/04/2010,44.41,68.3648,59.67,47.6
22/04/2010,44.45,68.7219,59.57,47.75
23/04/2010,44.54,68.2642,58.91,47.67
26/04/2010,44.33,68.399,59.19,47.02
27/04/2010,44.45,68.6397,59.43,47.38
28/04/2010,44.6,68.0797,58.9,47.78
29/04/2010,44.57,67.6706,58.88,47.42
30/04/2010,44.44,68.3132,58.94,47.25
3/5/2010,44.56,67.9473,59,47.38
4/5/2010,44.56,67.8872,58.72,46.93
5/5/2010,44.87,68.0364,58.27,47.34
6/5/2010,45.4,68.4337,57.91,48.4
7/5/2010,45.58,67.0505,57.81,49.52
10/5/2010,44.96,66.86,58.34,48.36
11/5/2010,45.14,66.6808,57.28,48.81
12/5/2010,45.33,67.5213,57.28,48.93
13/05/2010,44.99,66.9091,56.98,48.18
14/05/2010,45.1,65.6859,56.57,48.59
17/05/2010,45.72,65.6471,56.19,49.66
18/05/2010,45.55,65.9268,56.37,49.16
19/05/2010,46,65.8743,56.07,50
20/05/2010,46.75,66.9998,57.69,51.36
21/05/2010,46.95,67.6643,59.03,52.06
24/05/2010,46.67,67.6435,58.38,51.65
25/05/2010,47.4,67.9621,58.19,52.82
26/05/2010,47.57,68.3843,58.43,52.71
28/05/2010,46.54,67.7809,57.38,51.05
31/05/2010,46.45,67.3293,57.17,50.78
1/6/2010,46.69,67.7379,57.26,51.21
2/6/2010,47.19,69.4826,57.59,51.61
3/6/2010,46.52,68.5309,57.22,50.36
4/6/2010,46.67,68.3365,56.85,50.36
7/6/2010,47.28,68.2369,56.38,51.87
8/6/2010,46.95,68.0517,56.13,51.12
9/6/2010,46.98,67.9025,56.2,51.38
10/6/2010,46.98,68.4663,56.58,51.61
11/6/2010,46.82,68.9729,56.66,51.14
14/06/2010,46.57,68.2344,56.81,50.66
15/06/2010,46.73,68.6791,56.92,51.25
16/06/2010,46.35,68.6745,57.16,50.61
17/06/2010,46.5,68.3643,57.09,50.92
18/06/2010,46.14,68.4671,57.18,50.82
21/06/2010,45.64,68.0607,56.83,50.29
22/06/2010,46.04,67.863,56.67,50.73
23/06/2010,46.31,68.687,56.85,51.23
24/06/2010,46.24,69.2629,57.05,51.48
25/06/2010,46.54,69.6331,57.39,51.99
28/06/2010,46.16,69.3692,57.03,51.64
29/06/2010,46.52,70.0824,56.93,52.37
30/06/2010,46.6,70.0724,56.94,52.61
1/7/2010,46.68,69.5812,56.99,52.83
2/7/2010,46.68,70.7879,58.29,53.03
5/7/2010,46.69,70.9244,58.57,53.1
6/7/2010,46.8,71.0073,58.77,53.33
7/7/2010,47.08,71.2085,59.27,53.94
8/7/2010,46.85,71.3666,59.32,53.05
9/7/2010,46.75,70.9221,59.36,52.81
12/7/2010,46.73,69.9408,58.8,52.63
13/07/2010,46.93,70.3082,58.9,52.95
14/07/2010,46.63,70.9219,59.29,52.43
15/07/2010,46.74,71.3089,59.47,53.06
16/07/2010,46.8,72.0814,60.37,53.66
19/07/2010,47.08,71.9335,60.62,54.36
20/07/2010,47.1,72.0489,61.29,54.14
21/07/2010,47.25,72.3209,60.98,54.2
22/07/2010,47.33,71.7546,60.38,54.78
23/07/2010,47,71.8795,60.53,53.97
26/07/2010,46.86,72.5205,60.64,53.59
27/07/2010,46.76,72.5715,60.8,53.75
28/07/2010,46.57,72.6678,60.62,53.01
29/07/2010,46.63,72.8687,60.74,53.39
30/07/2010,46.46,72.5357,60.73,53.7
2/8/2010,46.19,72.7377,60.42,53.34
3/8/2010,46.22,73.4574,60.81,53.43
4/8/2010,46.22,73.6862,61.07,54.06
5/8/2010,46.23,73.4595,60.8,53.67
6/8/2010,46.02,73.2086,60.7,53.42
9/8/2010,46.07,73.659,61.26,53.85
10/8/2010,46.3,73.1586,60.93,53.93
11/8/2010,46.54,73.4262,60.78,54.54
12/8/2010,46.94,73.67,60.54,55
13/08/2010,46.58,72.7906,60.05,54.1
16/08/2010,46.78,73.0938,59.87,54.49
17/08/2010,46.68,73.1476,59.98,54.74
18/08/2010,46.64,72.4179,59.88,54.55
20/08/2010,46.58,72.3993,59.66,54.58
23/08/2010,46.61,72.5974,59.28,54.58
24/08/2010,46.79,72.2157,59.19,55.08
25/08/2010,46.93,72.3262,59.35,55.66
26/08/2010,46.81,72.8574,59.45,55.25
27/08/2010,46.86,72.6681,59.59,55.31
30/08/2010,46.84,72.7777,59.67,55.13
31/08/2010,47.08,72.635,59.5,55.96
1/9/2010,46.87,72.222,59.6,55.53
2/9/2010,46.78,72.1418,59.94,55.57
3/9/2010,46.67,71.9861,59.82,55.4
6/9/2010,46.48,71.958,60.01,55.12
7/9/2010,46.71,71.7816,59.76,55.59
8/9/2010,46.7,71.8806,59.43,55.89
9/9/2010,46.56,71.8374,59.11,55.65
13/09/2010,46.31,71.674,59.39,55.23
14/09/2010,46.37,71.229,59.63,55.47
15/09/2010,46.37,71.8387,60.17,54.65
16/09/2010,46.3,72.1933,60.14,54.25
17/09/2010,45.97,72.166,60.34,53.65
20/09/2010,45.61,71.4093,59.63,53.23
21/09/2010,45.73,71.2405,59.84,53.44
22/09/2010,45.53,71.432,60.58,53.6
23/09/2010,45.59,71.4236,61.1,53.9
24/09/2010,45.54,71.3976,60.75,53.79
27/09/2010,45.04,71.2961,60.62,53.46
28/09/2010,45.13,71.3099,60.66,53.59
29/09/2010,44.92,71.1421,61,53.7
1/10/2010,44.68,70.2079,60.96,53.53
4/10/2010,44.37,70.0891,61.13,53.25
5/10/2010,44.72,70.7292,61.34,53.43
6/10/2010,44.3,70.4592,61.34,53.26
7/10/2010,44.28,70.3211,61.7,53.46
8/10/2010,44.38,70.3711,61.8,53.87
11/10/2010,44.3,70.6031,61.93,54.05
12/10/2010,44.74,70.989,61.81,54.68
13/10/2010,44.5,70.4969,62.09,54.37
14/10/2010,44.18,70.6504,62.25,54.41
15/10/2010,44.03,70.5471,61.95,54.24
18/10/2010,44.26,70.4,61.45,54.52
19/10/2010,44.46,70.5069,61.85,54.6
20/10/2010,44.29,69.6726,61.05,54.47
21/10/2010,44.36,70.1842,61.95,54.78
22/10/2010,44.46,69.9845,62.07,54.84
25/10/2010,44.36,69.9225,62.33,54.94
26/10/2010,44.43,70.1017,62.07,55.03
27/10/2010,44.52,70.4663,61.47,54.5
28/10/2010,44.49,70.401,61.56,54.6
29/10/2010,44.54,70.9255,61.81,55.21
1/11/2010,44.42,71.4052,62.16,55.22
2/11/2010,44.43,71.3724,61.92,55.16
3/11/2010,44.36,71.098,62.11,55
4/11/2010,44.32,71.4616,62.59,54.84
8/11/2010,44.26,71.4224,61.81,54.49
9/11/2010,44.4,71.5906,61.58,54.89
10/11/2010,44.39,71.0329,61.11,54.25
11/11/2010,44.25,71.4372,60.96,53.81
12/11/2010,44.64,71.6293,60.73,54.2
15/11/2010,45.14,72.7386,61.74,54.43
16/11/2010,45.22,72.5442,61.55,54.52
18/11/2010,45.45,72.395,61.8,54.64
19/11/2010,45.26,72.6016,61.78,54.25
22/11/2010,45.29,72.5433,62.27,54.28
23/11/2010,45.61,72.5518,61.8,54.5
24/11/2010,45.66,72.177,61.12,54.9
25/11/2010,45.64,71.9127,60.81,54.68
26/11/2010,45.74,71.8873,60.84,54.54
29/11/2010,45.81,71.5186,60.66,54.5
30/11/2010,46.04,71.6106,60.36,54.77
1/12/2010,45.7,71.1869,59.53,54.75
2/12/2010,45.37,70.877,59.52,53.94
3/12/2010,45.09,70.4712,59.63,53.94
6/12/2010,44.85,70.6163,59.92,54.13
7/12/2010,44.84,70.614,59.72,54.27
8/12/2010,45.12,70.8091,59.63,53.73
9/12/2010,45.17,71.4793,60.04,53.81
10/12/2010,45.22,71.4114,59.99,54.03
13/12/2010,45.25,71.4181,59.69,53.79
14/12/2010,45.01,71.4151,60.31,53.94
15/12/2010,45.32,71.2362,60.27,54.04
16/12/2010,45.39,70.6632,60.05,53.89
20/12/2010,45.38,70.4252,59.77,54.1
21/12/2010,45.26,70.3884,59.61,54.08
22/12/2010,45.13,69.9019,59.32,53.89
23/12/2010,45.02,69.4208,59.12,54.16
24/12/2010,45.23,69.9256,59.34,54.5
27/12/2010,45.15,69.7071,59.32,54.55
28/12/2010,45.17,69.887,59.75,54.8
29/12/2010,45.12,69.4284,59.22,54.87
30/12/2010,44.9,69.6938,59.47,55.16
31/12/2010,44.81,69.2852,59.81,55.06
3/1/2011,44.67,69.4484,59.37,54.97
4/1/2011,44.84,69.3249,59.79,54.56
5/1/2011,45.2,70.2724,59.99,55.09
6/1/2011,45.31,70.2645,59.56,54.48
7/1/2011,45.37,70.0377,58.93,54.34
10/1/2011,45.44,70.6115,58.63,54.68
11/1/2011,45.32,70.5428,58.7,54.57
12/1/2011,45.16,70.6438,58.68,54.34
13/01/2011,45.13,71.0549,59.1,54.33
14/01/2011,45.3,71.7326,60.4,54.84
17/01/2011,45.59,72.3126,60.73,54.99
18/01/2011,45.53,72.5566,60.62,55.18
19/01/2011,45.38,72.7124,61.15,55.15
20/01/2011,45.58,72.732,61.45,55.53
21/01/2011,45.7,72.7818,61.65,55.14
24/01/2011,45.58,72.7913,62.01,55.08
25/01/2011,45.53,72.7797,62.14,55.24
27/01/2011,45.57,72.5019,62.46,55.44
28/01/2011,45.74,72.7312,62.73,55.34
31/01/2011,45.95,72.9525,62.54,56.02
1/2/2011,45.81,73.5892,62.84,55.95
2/2/2011,45.63,73.7267,63.16,55.99
3/2/2011,45.63,73.8932,62.96,55.9
4/2/2011,45.64,73.6698,62.24,55.91
7/2/2011,45.59,73.5845,62.04,55.44
8/2/2011,45.39,73.3094,61.84,55.17
9/2/2011,45.33,72.8906,61.86,55.03
10/2/2011,45.58,73.3656,62.41,55.19
11/2/2011,45.76,73.3899,62.02,54.79
14/02/2011,45.5,73.0685,61.63,54.69
15/02/2011,45.45,72.9086,61.43,54.43
17/02/2011,45.38,73.0845,61.6,54.28
18/02/2011,45.18,73.0402,61.43,54.25
21/02/2011,45.11,73.2519,61.7,54.24
22/02/2011,45.2,73.0703,61.41,54.25
23/02/2011,45.2,73.1675,61.88,54.68
24/02/2011,45.37,73.5425,62.39,55.28
25/02/2011,45.37,73.2499,62.68,55.34
28/02/2011,45.18,72.7872,62.15,55.32
1/3/2011,45.12,73.4305,62.32,54.91
3/3/2011,44.96,73.3747,62.33,54.93
4/3/2011,44.99,73.2392,62.8,54.64
7/3/2011,45.13,73.3588,63.06,54.84
8/3/2011,45.03,72.9756,62.94,54.68
9/3/2011,45.02,72.7028,62.54,54.31
10/3/2011,45.11,72.9068,62.56,54.44
11/3/2011,45.21,72.5462,62.43,54.33
14/03/2011,45.15,72.5877,62.95,55
15/03/2011,45.27,72.9481,63.08,55.36
16/03/2011,45.18,72.5862,63.13,55.92
17/03/2011,45.24,72.5672,63,57.14
18/03/2011,45.09,72.8226,63.43,55.19
21/03/2011,45.05,73.0508,63.81,55.65
22/03/2011,44.97,73.3461,63.98,55.59
23/03/2011,44.96,73.5658,63.68,55.6
24/03/2011,44.77,72.6617,63.06,55.3
25/03/2011,44.65,71.9111,63.28,55.14
28/03/2011,44.78,71.639,62.96,54.81
29/03/2011,44.67,71.6283,63.09,54.7
30/03/2011,44.77,71.6947,63.02,54.01
31/03/2011,44.65,71.9289,63.24,54.02
5/4/2011,44.45,71.5889,63.01,52.69
6/4/2011,44.2,72.2493,63.09,51.85
7/4/2011,44.22,71.9703,63.23,51.86
8/4/2011,44.04,72.197,63.4,51.75
11/4/2011,44.2,72.2626,63.9,52.14
13/04/2011,44.48,72.3667,64.42,52.9
15/04/2011,44.52,72.7167,64.41,53.48
18/04/2011,44.27,72.0782,63.66,53.4
19/04/2011,44.68,72.5603,63.53,54.18
20/04/2011,44.38,72.5569,63.92,53.54
21/04/2011,44.3,72.9244,64.69,54
25/04/2011,44.45,73.3536,64.78,54.07
26/04/2011,44.59,73.4397,64.81,54.56
27/04/2011,44.4,73.26,65.17,54.29
28/04/2011,44.33,74.1397,65.78,54.24
29/04/2011,44.38,73.8794,65.83,54.42
2/5/2011,44.3,73.899,65.57,54.37
3/5/2011,44.34,73.6953,65.75,54.76
4/5/2011,44.59,73.4219,66.04,55.09
5/5/2011,44.57,73.5828,66.23,55.48
6/5/2011,44.78,73.428,65.27,55.59
9/5/2011,44.7,73.2253,64.43,55.45
10/5/2011,44.73,73.2074,63.9,55.6
11/5/2011,44.69,73.124,64.39,55.3
12/5/2011,44.79,73.1936,63.59,55.28
13/05/2011,44.91,73.0596,64.03,55.67
16/05/2011,45.07,72.9728,63.57,55.69
18/05/2011,45.08,73.3452,64.3,55.55
19/05/2011,44.98,72.6832,64.16,55.11
20/05/2011,44.93,72.9169,64.34,54.99
23/05/2011,45.28,73.3038,63.61,55.32
24/05/2011,45.25,72.8231,63.58,55.33
25/05/2011,45.38,73.3137,63.7,55.43
26/05/2011,45.29,73.8408,64.18,55.38
27/05/2011,45.21,74.3094,64.4,55.79
30/05/2011,45.1,74.2729,64.35,55.8
31/05/2011,45.03,74.4323,64.75,55.29
1/6/2011,44.89,73.8463,64.76,55.17
2/6/2011,44.94,73.4612,64.58,55.47
3/6/2011,44.85,73.2916,64.89,55.59
6/6/2011,44.72,73.4638,65.47,55.67
7/6/2011,44.74,73.2528,65.48,55.72
8/6/2011,44.61,73.2786,65.47,55.79
9/6/2011,44.72,73.4705,65.38,55.83
10/6/2011,44.72,72.9271,64.72,55.83
13/06/2011,44.87,72.8285,64.37,55.78
14/06/2011,44.77,73.4519,64.55,55.76
15/06/2011,44.68,73.0451,64.29,55.53
16/06/2011,44.9,72.5449,63.39,55.56
17/06/2011,44.93,72.4272,63.62,55.73
20/06/2011,44.99,72.5981,64.01,56.11
21/06/2011,44.91,72.8957,64.48,56
22/06/2011,44.82,72.837,64.58,55.85
23/06/2011,44.93,72.0879,64.21,55.86
24/06/2011,44.94,71.8928,64.09,55.83
27/06/2011,45.1,71.8781,63.75,55.87
28/06/2011,45.05,71.9156,64.34,55.78
29/06/2011,44.94,71.9107,64.6,55.48
30/06/2011,44.72,71.9567,64.79,55.59
1/7/2011,44.5855,71.7514,64.8018,55.33
4/7/2011,44.4595,71.5287,64.625,55.07
5/7/2011,44.4988,71.247,64.3968,54.9
6/7/2011,44.383,71.2436,64.1591,54.88
7/7/2011,44.4173,70.9522,63.6291,54.86
8/7/2011,44.3263,70.7448,63.6456,54.55
11/7/2011,44.3705,70.8375,62.9578,54.93
12/7/2011,44.6878,70.8749,62.2589,55.96
13/07/2011,44.588,71.0733,62.3994,56.16
14/07/2011,44.5278,71.8011,63.1503,56.37
15/07/2011,44.5262,71.9098,62.9779,56.24
18/07/2011,44.5743,71.7513,62.5955,56.42
19/07/2011,44.5868,71.622,62.782,56.44
20/07/2011,44.4603,71.67,62.9435,56.26
21/07/2011,44.4328,71.8967,63.4095,56.38
22/07/2011,44.3763,72.3422,63.8745,56.45
25/07/2011,44.416,72.4914,63.8654,56.67
26/07/2011,44.2873,72.3654,64.1666,56.73
27/07/2011,43.9485,72.1217,63.6663,56.59
28/07/2011,44.1263,72.0538,63.3322,56.72
29/07/2011,44.1553,72.1034,63.1018,56.95
1/8/2011,44.0485,72.4047,63.4633,56.69
2/8/2011,44.2288,72.0907,62.985,57.16
3/8/2011,44.3795,72.2054,62.8711,57.5
4/8/2011,44.4163,72.6984,63.5501,55.93
5/8/2011,44.803,72.8586,63.111,57.02
8/8/2011,44.962,73.9423,64.5563,57.78
9/8/2011,45.1745,73.7157,64.2588,58.42
10/8/2011,45.2058,73.5092,64.7633,58.85
11/8/2011,45.2713,73.335,64.5821,59.11
12/8/2011,45.374,73.5308,64.366,59.06
16/08/2011,45.249,73.8803,65.062,58.93
17/08/2011,45.3695,74.558,65.3355,59.17
18/08/2011,45.6105,75.3235,65.6845,59.5
22/08/2011,45.9483,75.7619,66.0129,59.88
23/08/2011,45.689,75.2909,65.7742,59.54
24/08/2011,45.7695,75.5769,65.9745,59.76
25/08/2011,46.1285,75.5193,66.529,59.84
26/08/2011,46.0528,75.1996,66.4788,59.73
29/08/2011,45.8708,75.1455,66.6795,59.78
30/08/2011,46.019,75.4251,66.6958,59.98
2/9/2011,45.8965,74.3133,65.4075,59.76
5/9/2011,45.9375,74.2763,64.9718,59.87
6/9/2011,46.127,74.1814,64.878,60.05
7/9/2011,46.0218,73.605,64.7758,59.57
8/9/2011,46.1775,73.6462,64.9545,59.7
9/9/2011,46.3843,74.0085,64.4825,59.87
12/9/2011,46.9735,74.2181,63.6609,60.98
13/09/2011,47.0963,74.6406,64.4222,61.16
14/09/2011,47.8055,75.1622,65.1143,62.19
15/09/2011,47.8435,75.4014,65.677,62.38
16/09/2011,47.467,74.9599,65.7906,61.81
19/09/2011,47.792,75.0573,65.3544,62.18
20/09/2011,48.2225,75.6322,65.6462,63.02
21/09/2011,47.89,75.3094,65.6372,62.8
22/09/2011,48.8205,75.4814,66.1025,63.61
23/09/2011,49.673,76.5064,66.9815,65.1
26/09/2011,49.617,76.6781,66.471,65.03
27/09/2011,49.1775,76.653,66.6331,64.41
28/09/2011,48.912,76.5326,66.4313,63.93
29/09/2011,48.9253,76.5192,66.6458,63.9
3/10/2011,49.424,76.7209,65.8478,64.15
4/10/2011,49.225,76.0674,65.064,64.25
5/10/2011,49.1918,75.9177,65.4394,64.14
7/10/2011,49.1355,75.9733,65.9981,64.11
10/10/2011,49.071,76.6538,66.167,63.95
11/10/2011,49.0333,76.5998,66.8029,63.93
12/10/2011,49.241,76.8012,67.1707,64.19
13/10/2011,49.0228,77.1276,67.5553,63.61
14/10/2011,49.0675,77.4187,67.7248,63.78
17/10/2011,48.8925,77.3113,67.788,63.39
18/10/2011,49.136,77.5833,67.5815,63.97
19/10/2011,49.1775,77.4939,67.9645,64.07
20/10/2011,49.711,78.086,68.0541,64.78
21/10/2011,50.067,79.1559,69.035,65.26
24/10/2011,49.8745,79.7294,69.5253,65.37
25/10/2011,49.6598,79.3862,69.151,65.28
28/10/2011,48.821,78.5676,69.2853,64.36
31/10/2011,48.873,78.1137,68.3616,61.51
1/11/2011,49.0775,78.7817,67.7597,62.82
2/11/2011,49.2508,78.7348,67.6445,63.06
3/11/2011,49.3748,78.4961,67.592,63.26
4/11/2011,49.084,78.6522,67.791,62.85
8/11/2011,49.38,79.1981,67.8411,63.27
9/11/2011,49.781,80.1051,68.8169,64.16
11/11/2011,50.2795,80.0776,68.446,64.83
14/11/2011,50.0845,80.3631,68.8325,64.93
15/11/2011,50.5645,80.299,68.7875,65.6
16/11/2011,50.901,80.304,68.475,66.06
17/11/2011,50.722,79.877,68.4619,65.86
18/11/2011,51.353,80.9734,69.2589,66.8
21/11/2011,51.7165,81.4173,69.8883,67.31
22/11/2011,52.7015,82.4436,71.0788,68.41
23/11/2011,52.1005,81.3028,70.0732,67.61
24/11/2011,52.25,81.2279,69.8261,67.75
25/11/2011,52.1665,80.6442,69.4263,67.39
28/11/2011,51.983,80.5892,69.1243,66.98
29/11/2011,51.9308,80.6226,69.3658,66.55
30/11/2011,52.165,81.2887,69.4735,66.93
1/12/2011,51.652,81.0575,69.5086,66.5
2/12/2011,51.3523,80.505,69.138,66.02
5/12/2011,51.3925,80.2031,68.9227,65.91
7/12/2011,51.449,80.3788,69.1235,66.19
8/12/2011,51.778,81.3225,69.4246,66.69
9/12/2011,52.2285,81.5496,69.6008,67.33
12/12/2011,52.4238,81.9227,69.9405,67.52
13/12/2011,53.403,83.3247,70.4435,68.58
14/12/2011,53.577,82.9747,69.8925,68.75
15/12/2011,54.2355,83.7667,70.4602,69.49
16/12/2011,52.814,82.0043,68.8091,67.8
19/12/2011,52.9575,82.0365,68.9065,67.95
20/12/2011,53.027,82.3403,68.9987,68.03
21/12/2011,52.675,82.5259,69.1277,67.72
22/12/2011,52.7825,82.7313,68.8775,67.63
23/12/2011,52.722,82.705,68.9048,67.53
26/12/2011,52.8205,82.4739,68.9345,67.75
27/12/2011,52.8945,82.7111,69.1508,67.9
28/12/2011,53.2145,83.3179,69.5113,68.39
29/12/2011,53.3585,82.5082,68.9881,68.67
30/12/2011,53.266,82.0989,68.9005,68.68
2/1/2012,53.2975,82.6644,68.9095,69.25
3/1/2012,53.2288,82.8666,69.1265,69.35
4/1/2012,53.14,83.0844,69.2485,69.31
5/1/2012,52.781,82.3331,68.1905,68.82
6/1/2012,52.7838,81.7885,67.4618,68.34
9/1/2012,52.7325,81.3399,67.0098,68.54
10/1/2012,52.2255,80.8399,66.7978,67.99
11/1/2012,51.7495,80.0099,65.991,67.29
12/1/2012,51.829,79.4228,65.9013,67.41
13/01/2012,51.431,79.1009,66.1743,67.05
16/01/2012,51.6545,79.0985,65.3173,67.24
17/01/2012,51.065,78.4818,64.9998,66.59
18/01/2012,50.6655,77.7209,64.6314,66.07
19/01/2012,50.289,77.601,64.6664,65.53
20/01/2012,50.3288,77.9694,65.307,65.27
23/01/2012,50.2435,78.1286,64.7876,65.24
24/01/2012,49.9673,77.7441,65.0887,64.9
25/01/2012,50.0215,78.0535,65.1255,64.19
27/01/2012,49.648,77.7984,65.0492,64.45
30/01/2012,49.503,77.7395,65.1882,64.57
31/01/2012,49.6825,78.1704,65.5157,65.18
1/2/2012,49.5325,77.9493,64.6569,65
2/2/2012,49.1288,77.8495,64.748,64.54
3/2/2012,48.964,77.4659,64.3953,64.24
6/2/2012,48.679,76.7522,63.5678,63.46
7/2/2012,48.915,77.3053,64.1188,63.79
8/2/2012,49.0683,78.0873,65.1526,63.65
9/2/2012,49.2895,78.0992,65.5895,63.86
10/2/2012,49.6445,78.3539,65.7995,63.94
13/02/2012,49.318,77.8435,65.352,63.56
14/02/2012,49.3313,77.4107,64.8391,63.25
15/02/2012,49.252,77.4537,64.89,62.76
17/02/2012,49.2128,77.7513,64.5849,62.2
21/02/2012,49.0835,77.7973,65.1705,61.52
22/02/2012,49.2453,76.7485,65.1638,61.53
23/02/2012,49.245,77.1866,65.2903,61.35
24/02/2012,49.065,77.1891,65.5701,61
27/02/2012,49.0475,77.7795,65.89,60.54
28/02/2012,49.143,77.8573,66.0625,60.99
29/02/2012,48.9408,77.9529,65.9375,60.94
1/3/2012,49.1545,78.249,65.5692,60.67
2/3/2012,49.3525,78.6827,65.6263,60.61
5/3/2012,49.7958,78.7919,65.7392,61.27
6/3/2012,50.0265,79.317,66.0203,61.39
7/3/2012,50.5733,79.567,66.4959,62.63
9/3/2012,50.015,79.0087,66.1776,61.31
12/3/2012,49.9448,78.2535,65.3999,60.72
13/03/2012,49.845,77.9675,65.6151,60.67
14/03/2012,49.903,78.1481,65.0885,59.97
15/03/2012,50.2225,78.6384,65.5355,59.92
16/03/2012,50.313,79.0468,65.8262,60.28
19/03/2012,50.1245,79.3721,66.0025,60.12
20/03/2012,50.2545,79.7639,66.5226,60.25
21/03/2012,50.5935,80.3425,67.1366,60.44
22/03/2012,50.9055,80.7718,67.4035,61.09
26/03/2012,51.309,81.3658,67.9785,62.13
27/03/2012,50.9083,81.27,67.986,61.47
28/03/2012,50.9175,81.2134,67.85,61.52
29/03/2012,51.145,81.4126,68.224,62.02
30/03/2012,51.1565,81.7992,68.3403,62.43
3/4/2012,50.5645,81.0498,67.4854,61.63
4/4/2012,51.0465,81.0874,67.3936,61.75
9/4/2012,51.2765,81.3809,67.0133,62.99
10/4/2012,51.204,81.5014,67.1545,63
11/4/2012,51.547,81.9494,67.5668,63.72
12/4/2012,51.442,81.9625,67.6087,63.52
13/04/2012,51.4175,81.9338,67.6685,63.5
16/04/2012,51.659,81.7969,67.1825,64.17
17/04/2012,51.6265,81.939,67.6546,64.19
18/04/2012,51.5035,81.9884,67.5415,63.31
19/04/2012,51.893,83.1845,68.063,63.65
20/04/2012,51.9995,83.5398,68.398,63.7
23/04/2012,52.2295,84.16,68.8375,64.27
24/04/2012,52.791,85.1704,69.5325,65.25
25/04/2012,52.485,84.6583,69.252,64.5
26/04/2012,52.567,85.0271,69.563,64.78
27/04/2012,52.6813,85.1224,69.3815,65.18
30/04/2012,52.5193,85.4935,69.6135,65.54
2/5/2012,52.9305,85.8533,69.9425,65.87
3/5/2012,53.2395,86.1415,69.9815,66.36
4/5/2012,53.7225,86.9821,70.6465,67.01
7/5/2012,53.342,86.0913,69.3655,66.87
8/5/2012,52.855,85.4428,68.8078,66.12
9/5/2012,53.46,86.2711,69.4005,67
10/5/2012,53.3375,86.1081,69.068,66.93
11/5/2012,53.641,86.4237,69.288,67.2
14/05/2012,53.7118,86.3444,69.226,67.1
15/05/2012,53.84,86.7201,69.173,67.41
16/05/2012,54.2925,86.6074,68.8719,67.57
17/05/2012,54.3875,86.5577,69.3003,67.73
18/05/2012,54.8755,86.4646,69.4885,69.21
21/05/2012,54.681,86.5245,69.8556,69.02
22/05/2012,54.8845,86.841,70.2093,69.08
23/05/2012,55.93,88.1485,70.877,70.32
24/05/2012,56.287,88.258,70.816,70.81
25/05/2012,55.7253,87.263,69.894,69.98
28/05/2012,55.2625,86.8008,69.634,69.63
29/05/2012,55.5835,87.1438,69.7325,69.93
30/05/2012,56.006,87.4814,69.8495,70.51
31/05/2012,56.4225,87.3759,69.9513,71.57
1/6/2012,55.9175,86.0347,69.1297,71.29
4/6/2012,55.5155,85.2912,68.863,71.01
5/6/2012,55.5615,85.5175,69.5025,70.82
6/6/2012,55.4958,85.5773,69.301,70.4
7/6/2012,55.1455,85.2219,69.2433,69.51
8/6/2012,55.364,85.6398,69.2125,69.88
11/6/2012,55.2385,85.9345,69.8215,69.42
12/6/2012,56.0545,86.6911,69.9805,70.47
13/06/2012,55.8505,86.8782,69.8792,70.12
14/06/2012,55.794,86.3719,70.0703,70.29
15/06/2012,55.763,86.6892,70.4411,70.69
18/06/2012,55.599,87.3405,70.664,70.18
19/06/2012,56.0143,87.85,70.5436,70.92
20/06/2012,55.8585,87.9325,70.8838,70.77
21/06/2012,56.4178,88.4462,71.5215,70.85
22/06/2012,56.9928,88.9743,71.5745,70.88
25/06/2012,56.534,88.0941,70.8308,70.55
26/06/2012,57.0728,88.9594,71.4005,71.6
27/06/2012,57.2165,89.4208,71.4625,71.93
28/06/2012,56.9195,88.9054,71.2483,71.68
29/06/2012,56.309,88.0616,70.908,70.9
2/7/2012,55.83,87.4074,70.4295,70.15
3/7/2012,54.8125,86.0392,69.0615,68.71
4/7/2012,54.5525,85.4783,68.702,68.4
5/7/2012,55.025,85.9325,68.966,69.06
6/7/2012,55.415,86.0429,68.6085,69.39
9/7/2012,56.0215,86.7773,68.8275,70.32
10/7/2012,55.8055,86.532,68.5845,70.22
11/7/2012,55.365,85.9486,67.873,69.82
12/7/2012,55.6985,86.2825,68.1465,70.11
13/07/2012,55.656,85.8883,67.8783,70.26
16/07/2012,54.918,85.4689,67.1525,69.51
17/07/2012,55.1455,86.2972,67.726,69.88
18/07/2012,55.3395,86.551,67.954,70.05
19/07/2012,55.383,86.7464,68.0639,70.47
20/07/2012,55.1515,86.5768,67.603,70.22
23/07/2012,55.7643,86.7971,67.4328,71.42
24/07/2012,56.015,86.8905,67.8361,71.58
25/07/2012,56.3755,87.444,68.0455,72.12
26/07/2012,55.948,86.5572,67.9535,71.56
27/07/2012,55.413,86.9319,68.101,70.84
30/07/2012,55.4428,87.1228,68.1465,70.74
31/07/2012,55.807,87.6672,68.452,71.35
1/8/2012,55.4825,86.9411,68.308,71.01
2/8/2012,55.7765,86.7492,68.3157,71.12
3/8/2012,56.0845,87.0263,68.3605,71.68
6/8/2012,55.473,86.6044,68.6615,70.77
7/8/2012,55.4995,86.3961,68.699,70.92
8/8/2012,55.145,86.0041,68.3135,70.38
9/8/2012,55.1715,86.4262,68.269,70.28
10/8/2012,55.344,86.4501,68.0425,70.51
13/08/2012,55.418,86.779,68.0311,70.79
14/08/2012,55.6435,87.3102,68.8135,70.85
16/08/2012,55.989,87.55,68.6855,70.64
17/08/2012,55.7023,87.5473,68.851,70.18
21/08/2012,55.5405,87.393,68.7185,70.05
22/08/2012,55.5105,87.5956,69.1465,70.01
23/08/2012,55.1855,87.6511,69.1584,70.3
24/08/2012,55.382,87.7971,69.476,70.47
27/08/2012,55.593,87.8703,69.496,70.62
28/08/2012,55.7795,88.0424,69.621,71.01
29/08/2012,55.6653,88.0458,69.9158,70.9
30/08/2012,55.6485,88.1027,69.836,70.78
31/08/2012,55.7215,87.9508,69.6555,71.04
3/9/2012,55.454,87.9833,69.6955,70.83
4/9/2012,55.536,88.23,70.019,70.85
5/9/2012,55.895,88.6271,70.025,71.33
6/9/2012,55.9735,89.0203,70.614,71.39
7/9/2012,55.523,88.4926,70.2025,70.31
10/9/2012,55.339,88.5037,70.7425,70.71
11/9/2012,55.5223,88.8468,70.85,70.99
12/9/2012,55.2605,88.8534,71.131,70.93
13/09/2012,55.443,89.3076,71.616,71.33
14/09/2012,54.727,88.6085,71.3415,70.55
17/09/2012,53.974,87.5242,70.8415,68.95
18/09/2012,54.257,88.1459,71.0335,68.99
20/09/2012,54.3375,87.9072,70.5725,69.49
21/09/2012,53.9055,87.6018,70.0095,68.98
24/09/2012,53.293,86.4359,68.951,68.28
25/09/2012,53.534,86.8214,69.0295,68.86
26/09/2012,53.5785,86.6043,68.939,68.93
27/09/2012,53.255,86.2332,68.6385,68.56
28/09/2012,52.697,85.7117,68.1485,68
1/10/2012,52.7845,85.1625,67.785,67.86
3/10/2012,52.3345,84.3004,67.4485,66.89
4/10/2012,51.9755,83.6754,67.198,66.14
5/10/2012,51.6185,83.5704,67.1735,65.83
8/10/2012,52.2145,84.0027,67.7515,66.46
9/10/2012,52.375,83.999,67.9895,66.85
10/10/2012,53.0445,84.8341,68.21,67.82
11/10/2012,53.073,84.9486,68.2365,68.06
12/10/2012,52.7,84.5097,68.1585,67.21
15/10/2012,53.1198,85.1457,68.602,67.65
16/10/2012,52.8193,84.9598,68.6125,66.95
17/10/2012,52.751,85.0768,69.0385,67.07
18/10/2012,52.969,85.4549,69.456,66.94
19/10/2012,53.7175,86.1468,70.169,67.71
22/10/2012,53.6735,86.0494,70.0675,67.45
23/10/2012,53.5895,85.8129,69.907,67.09
25/10/2012,53.63,86.178,69.7455,66.91
29/10/2012,53.8065,86.5209,69.4965,67.51
30/10/2012,54.165,86.8319,69.8495,68.22
31/10/2012,54.1175,87.0751,70.1495,67.99
1/11/2012,53.7798,86.7683,69.7105,67.25
2/11/2012,53.6645,86.3676,69.2425,66.85
5/11/2012,54.0778,86.6867,69.3651,67.29
6/11/2012,54.5955,87.3091,69.8635,68.19
7/11/2012,54.252,87.0039,69.8325,67.77
8/11/2012,54.4403,87.001,69.4755,68.12
9/11/2012,54.34,86.9685,69.4274,68.31
12/11/2012,54.934,87.3835,69.9335,69.13
15/11/2012,54.959,87.1045,70.0345,68.03
16/11/2012,54.9915,87.211,70.223,67.88
19/11/2012,54.9665,87.4957,70.1595,67.65
20/11/2012,54.91,87.3838,70.238,67.55
21/11/2012,55.2025,87.7913,70.4255,67.39
22/11/2012,55.1575,88.0314,70.8575,66.89
23/11/2012,55.3445,88.2966,71.3665,67.24
26/11/2012,55.692,89.1963,72.1005,67.84
27/11/2012,55.7045,89.3444,72.35,67.72
29/11/2012,55.202,88.3756,71.47,67.2
30/11/2012,54.5265,87.4823,70.888,66.17
3/12/2012,54.561,87.4558,71.0815,66.27
4/12/2012,54.9473,88.4212,71.71,66.94
5/12/2012,54.569,87.8997,71.529,66.34
6/12/2012,54.465,87.6287,71.115,66.1
7/12/2012,54.2018,86.9993,70.2175,65.77
10/12/2012,54.3405,87.0888,70.132,65.94
11/12/2012,54.316,87.3619,70.3615,65.98
12/12/2012,54.2725,87.4276,70.547,65.66
13/12/2012,54.232,87.5304,70.944,64.86
14/12/2012,54.388,87.7822,71.292,64.86
17/12/2012,54.629,88.4006,71.8595,65
18/12/2012,54.849,88.9267,72.244,65.31
19/12/2012,54.7365,89.018,72.4775,64.92
20/12/2012,54.842,89.1128,72.4667,65.31
21/12/2012,55.086,89.5368,72.773,65.5
24/12/2012,55.0858,89.0958,72.6164,65.29
26/12/2012,54.9635,88.6781,72.4525,64.46
27/12/2012,54.8465,88.5497,72.633,63.98
28/12/2012,54.8473,88.3974,72.6298,63.46
31/12/2012,54.7773,88.5092,72.2605,63.66